,"punct-L ","punct-S ","march-L ","march-S ","hubbs-L ","hubbs-S ","oz-L    ","oz-S    ","neg-L   ","neg-S   "
"Samp0001",1,0,0,0,0,0,0,0,0,0
"Samp0002",1,0,0,0,0,0,0,1,0,0
"Samp0003",3,0,0,0,0,0,3,1,0,0
"Samp0004",4,1,0,0,0,0,1,2,0,0
"Samp0005",4,0,0,0,0,0,1,3,0,0
"Samp0006",5,1,0,0,0,0,0,5,0,0
"Samp0007",1,0,0,0,0,0,1,0,0,0
"Samp0008",2,0,0,0,0,0,2,3,0,0
"Samp0009",2,0,0,0,0,0,1,4,0,0
"Samp0010",3,0,0,0,0,0,1,0,0,0
"Samp0011",1,0,0,0,0,0,0,0,0,0
"Samp0012",4,0,0,0,0,0,0,0,0,0
"Samp0013",2,0,0,0,0,0,0,0,0,0
"Samp0014",5,0,0,0,0,0,0,0,0,0
"Samp0015",5,0,0,0,0,0,0,0,0,0
"Samp0016",4,1,0,0,0,0,0,1,0,0
"Samp0017",2,0,0,0,0,0,1,0,0,0
"Samp0018",0,0,0,0,0,0,0,0,0,0
"Samp0019",0,0,0,0,0,0,0,0,0,0
"Samp0020",0,0,0,0,0,0,0,0,0,0
"Samp0021",0,0,0,0,0,0,0,0,0,0
"Samp0022",0,0,0,0,0,0,0,0,0,0
"Samp0023",0,0,0,0,0,0,0,0,0,0
"Samp0024",0,0,0,0,0,0,0,0,0,0
"Samp0025",0,0,0,0,0,0,0,0,0,0
"Samp0026",0,0,0,0,0,0,0,0,0,0
"Samp0027",0,0,0,0,0,0,0,0,0,0
"Samp0028",2,0,0,0,0,0,2,0,0,0
"Samp0029",0,0,0,0,0,0,4,1,0,0
"Samp0030",0,0,0,0,0,0,4,0,0,0
"Samp0031",1,0,0,0,0,0,1,9,0,0
"Samp0032",1,0,0,0,0,0,5,4,0,0
"Samp0033",1,0,0,0,0,0,8,6,0,0
"Samp0034",1,1,0,0,0,0,9,6,0,0
"Samp0035",1,1,0,0,0,0,6,5,0,0
"Samp0036",0,0,0,0,0,0,4,4,0,0
"Samp0037",0,0,0,0,0,0,2,1,0,0
"Samp0038",1,0,0,0,0,0,0,0,0,0
"Samp0039",1,0,0,0,0,0,1,0,0,0
"Samp0040",1,0,0,0,0,0,2,4,0,0
"Samp0041",3,0,0,0,0,0,3,3,0,0
"Samp0042",0,0,0,0,0,0,1,0,0,0
"Samp0043",1,0,0,0,0,0,3,0,0,0
"Samp0044",1,0,0,0,0,0,1,0,0,0
"Samp0045",3,1,0,0,0,0,2,0,0,0
"Samp0046",4,0,0,0,0,0,4,7,0,0
"Samp0047",3,0,0,0,0,0,5,8,0,0
"Samp0048",1,0,0,0,0,0,4,2,0,0
"Samp0049",0,0,0,0,0,0,5,3,0,0
"Samp0050",2,0,0,0,0,0,5,6,0,0
"Samp0051",0,0,0,0,0,0,6,0,0,0
"Samp0052",4,0,0,0,0,0,5,7,0,0
"Samp0053",0,0,0,0,0,0,3,0,0,0
"Samp0054",5,0,0,0,0,0,4,1,0,0
"Samp0055",0,0,0,0,0,0,0,0,0,0
"Samp0056",6,0,0,0,0,0,0,1,0,0
"Samp0057",3,0,0,0,0,0,0,1,0,0
"Samp0058",3,0,0,0,0,0,0,3,0,0
"Samp0059",9,1,0,0,0,0,2,11,0,0
"Samp0060",3,1,0,0,0,0,0,6,0,0
"Samp0061",1,0,0,0,0,0,0,1,0,0
"Samp0062",3,0,0,0,0,0,0,0,0,0
"Samp0063",2,0,0,0,0,0,1,1,0,0
"Samp0064",1,0,0,0,0,0,1,0,0,0
"Samp0065",0,0,0,0,0,0,1,0,0,0
"Samp0066",3,0,0,0,0,0,0,0,0,0
"Samp0067",4,2,0,0,0,0,1,1,0,0
"Samp0068",1,0,0,0,0,0,1,0,0,0
"Samp0069",3,0,0,0,0,0,4,3,0,0
"Samp0070",0,0,0,0,0,0,2,1,0,0
"Samp0071",4,0,0,0,0,0,0,2,0,0
"Samp0072",1,0,0,0,0,0,0,0,0,0
"Samp0073",0,0,0,0,0,0,0,0,0,0
"Samp0074",5,0,0,0,0,0,0,0,0,0
"Samp0075",6,0,0,0,0,0,0,1,0,0
"Samp0076",1,0,0,0,0,0,0,1,0,0
"Samp0077",1,0,0,0,0,0,0,0,0,0
"Samp0078",2,0,0,0,0,0,0,0,0,0
"Samp0079",0,0,0,0,0,0,0,0,0,0
"Samp0080",0,0,0,0,0,0,0,0,0,0
"Samp0081",0,0,0,0,0,0,0,0,0,0
"Samp0082",0,0,0,0,0,0,0,0,0,0
"Samp0083",0,0,0,0,0,0,0,0,0,0
"Samp0084",0,0,0,0,0,0,0,0,0,0
"Samp0085",0,0,0,0,0,0,0,0,0,0
"Samp0086",0,0,0,0,0,0,0,0,0,0
"Samp0087",0,0,0,0,0,0,0,0,0,0
"Samp0088",0,0,0,0,0,0,0,0,0,0
"Samp0089",0,0,0,0,0,0,0,0,0,0
"Samp0090",0,0,0,0,0,0,0,0,0,0
"Samp0091",0,0,0,2,0,0,0,0,0,0
"Samp0092",0,1,0,1,0,0,0,0,0,0
"Samp0093",0,1,1,1,0,0,0,0,0,0
"Samp0094",0,0,0,0,0,0,0,0,0,0
"Samp0095",0,0,0,0,0,0,0,0,0,0
"Samp0096",1,0,0,0,0,0,0,0,0,0
"Samp0097",0,0,0,0,0,0,0,0,0,0
"Samp0098",1,0,0,1,0,0,0,0,0,0
"Samp0099",0,0,0,0,0,0,0,0,0,0
"Samp0100",1,0,0,3,0,0,0,0,0,0
"Samp0101",0,0,0,4,0,0,0,0,0,0
"Samp0102",0,0,0,3,0,0,0,0,0,0
"Samp0103",1,0,0,11,0,0,0,0,0,0
"Samp0104",1,1,2,0,0,0,0,0,0,0
"Samp0105",0,0,0,3,0,0,0,0,0,0
"Samp0106",0,0,1,3,0,0,0,0,0,0
"Samp0107",0,0,0,5,0,0,0,0,0,0
"Samp0108",0,0,0,0,0,0,0,0,0,0
"Samp0109",2,0,3,1,0,0,0,0,0,0
"Samp0110",0,0,0,0,0,0,0,0,0,0
"Samp0111",1,0,2,5,0,0,0,0,0,0
"Samp0112",0,0,0,0,0,0,0,0,0,0
"Samp0113",0,0,0,0,0,0,0,0,0,0
"Samp0114",0,0,0,2,0,0,0,0,0,0
"Samp0115",2,0,0,0,0,0,0,0,0,0
"Samp0116",3,0,1,5,0,0,0,0,0,0
"Samp0117",1,1,0,2,0,0,0,0,0,0
"Samp0118",0,0,0,1,0,0,0,0,0,0
"Samp0119",0,0,2,0,0,0,0,0,0,0
"Samp0120",0,0,4,0,0,0,0,0,0,0
"Samp0121",3,0,1,0,0,0,0,0,0,0
"Samp0122",3,0,1,2,0,0,0,0,0,0
"Samp0123",1,1,2,0,0,0,0,0,0,0
"Samp0124",0,0,0,1,0,0,0,0,0,0
"Samp0125",0,0,1,0,0,0,0,0,0,0
"Samp0126",1,1,2,0,0,0,0,0,0,0
"Samp0127",1,0,0,0,0,0,0,0,0,0
"Samp0128",0,0,4,0,0,0,0,0,0,0
"Samp0129",0,0,1,0,0,0,0,0,0,0
"Samp0130",0,0,0,2,0,0,0,0,0,0
"Samp0131",0,0,0,1,0,0,0,0,0,0
"Samp0132",2,1,1,1,0,0,0,0,0,0
"Samp0133",0,0,4,0,0,0,0,0,0,0
"Samp0134",1,1,3,3,0,0,0,0,0,0
"Samp0135",0,0,0,2,0,0,0,0,0,0
"Samp0136",2,0,0,0,0,0,0,0,0,0
"Samp0137",1,1,0,0,1,0,0,0,0,0
"Samp0138",8,0,0,0,0,0,0,0,0,0
"Samp0139",1,0,0,0,0,0,0,0,0,0
"Samp0140",2,0,0,0,2,0,0,0,0,0
"Samp0141",3,1,0,0,1,0,0,0,0,0
"Samp0142",1,0,0,0,0,0,0,0,0,0
"Samp0143",1,0,0,0,2,0,0,0,0,0
"Samp0144",7,1,0,0,5,0,0,0,0,0
"Samp0145",0,0,0,0,1,0,0,0,0,0
"Samp0146",1,0,0,0,3,0,0,0,0,0
"Samp0147",1,0,0,0,0,0,0,0,0,0
"Samp0148",0,0,0,0,0,0,0,0,0,0
"Samp0149",1,0,0,0,1,0,0,0,0,0
"Samp0150",1,0,1,1,0,0,0,0,0,0
"Samp0151",0,0,1,1,0,0,0,1,0,0
"Samp0152",0,1,0,0,1,0,0,0,0,0
"Samp0153",1,0,1,1,0,0,0,0,0,0
"Samp0154",0,0,0,0,0,0,0,0,0,0
"Samp0155",2,0,1,1,1,0,0,0,0,0
"Samp0156",4,0,2,2,7,0,0,0,0,0
"Samp0157",6,0,0,0,0,0,0,0,0,0
"Samp0158",1,0,1,1,0,0,0,0,0,0
"Samp0159",0,0,0,0,0,0,0,0,0,0
"Samp0160",0,0,0,0,0,0,0,0,0,0
"Samp0161",2,0,0,0,2,0,0,0,0,0
"Samp0162",1,0,0,0,0,0,0,0,0,0
"Samp0163",0,0,0,0,0,0,0,0,0,0
"Samp0164",0,0,0,1,0,0,0,0,0,0
"Samp0165",0,0,0,0,0,0,0,0,0,0
"Samp0166",0,0,1,1,0,0,0,0,0,0
"Samp0167",0,0,0,0,0,0,0,0,0,0
"Samp0168",0,0,0,0,0,0,0,0,0,0
"Samp0169",1,0,2,1,0,0,0,0,0,0
"Samp0170",0,0,0,0,0,0,0,0,0,0
"Samp0171",0,0,0,0,0,0,0,0,0,0
"Samp0172",1,0,0,0,0,0,0,0,0,0
"Samp0173",2,0,1,0,0,0,0,0,0,0
"Samp0174",0,0,1,0,0,0,0,0,0,0
"Samp0175",0,0,1,0,0,0,0,0,0,0
"Samp0176",2,0,0,0,0,0,0,0,0,0
"Samp0177",0,0,0,0,0,0,0,0,0,0
"Samp0178",0,0,1,0,0,0,0,0,0,0
"Samp0179",0,0,0,1,0,0,0,0,0,0
"Samp0180",0,0,2,0,0,0,0,0,0,0
"Samp0181",0,0,0,0,0,0,0,0,0,0
"Samp0182",0,0,0,0,0,0,0,0,0,0
"Samp0183",0,0,0,0,0,0,0,0,0,0
"Samp0184",1,0,0,0,0,0,0,0,0,0
"Samp0185",1,0,0,0,0,0,0,0,0,0
"Samp0186",1,0,2,1,0,0,0,0,0,0
"Samp0187",0,0,0,0,0,0,0,0,0,0
"Samp0188",0,0,0,0,0,0,0,0,0,0
"Samp0189",0,0,0,0,0,0,0,0,0,0
"Samp0190",0,0,1,0,0,0,0,0,0,0
"Samp0191",0,0,0,0,0,0,0,0,0,0
"Samp0192",0,0,1,0,1,0,1,0,0,0
"Samp0193",0,0,4,0,0,0,2,0,0,0
"Samp0194",1,0,7,0,0,0,1,0,0,0
"Samp0195",0,0,0,1,0,0,0,0,0,0
"Samp0196",0,0,0,0,0,0,0,0,0,0
"Samp0197",0,0,0,0,0,0,0,0,0,0
"Samp0198",0,0,1,2,0,0,0,0,0,0
"Samp0199",0,0,0,0,2,1,1,0,0,0
"Samp0200",0,0,0,0,0,0,0,0,0,0
"Samp0201",0,0,0,0,3,1,0,0,0,0
"Samp0202",2,0,1,0,0,0,2,2,0,0
"Samp0203",0,0,1,0,0,0,1,1,0,0
"Samp0204",1,0,0,0,0,0,0,0,0,0
"Samp0205",1,0,0,0,1,0,0,0,0,0
"Samp0206",2,0,0,0,1,0,1,0,0,0
"Samp0207",1,0,0,0,0,0,0,0,0,0
"Samp0208",0,0,0,0,0,0,0,0,0,0
"Samp0209",2,0,0,0,0,0,0,0,0,0
"Samp0210",0,0,0,0,0,0,0,0,0,0
"Samp0211",0,0,0,0,0,0,0,0,0,0
"Samp0212",0,0,0,0,0,0,0,0,0,0
"Samp0213",0,0,2,0,1,0,1,0,0,0
"Samp0214",1,0,1,0,0,0,0,0,0,0
"Samp0215",2,0,0,0,1,0,1,0,0,0
"Samp0216",0,0,0,0,0,0,0,0,0,0
"Samp0217",0,0,3,0,0,0,0,0,0,0
"Samp0218",1,0,3,0,0,0,0,0,0,0
"Samp0219",2,0,9,1,0,0,0,0,0,0
"Samp0220",0,0,6,1,0,0,0,0,0,0
"Samp0221",0,0,3,0,0,0,0,0,0,0
"Samp0222",0,0,0,0,0,0,0,0,0,0
"Samp0223",1,0,2,0,0,0,0,0,0,0
"Samp0224",0,0,1,0,0,0,0,0,0,0
"Samp0225",2,0,7,2,0,0,0,0,0,0
"Samp0226",1,0,2,1,0,0,0,0,0,0
"Samp0227",0,0,1,0,0,0,0,0,0,0
"Samp0228",0,0,5,1,0,0,0,0,0,0
"Samp0229",0,0,5,1,0,0,0,0,0,0
"Samp0230",3,0,2,3,0,0,0,0,0,0
"Samp0231",0,0,0,1,0,0,0,0,0,0
"Samp0232",0,0,1,0,0,0,0,0,0,0
"Samp0233",0,0,2,0,0,0,0,0,0,0
"Samp0234",0,0,0,0,0,0,0,0,0,0
"Samp0235",1,0,1,1,0,0,0,0,0,0
"Samp0236",3,0,0,0,0,0,0,0,0,0
"Samp0237",1,0,0,0,0,0,0,0,0,0
"Samp0238",0,0,0,0,0,0,0,0,0,0
"Samp0239",2,0,1,0,0,0,0,0,0,0
"Samp0240",1,0,3,0,0,0,0,0,0,0
"Samp0241",1,0,0,1,0,0,0,0,0,0
"Samp0242",1,0,0,0,0,0,0,0,0,0
"Samp0243",0,0,0,0,0,0,0,0,0,0
"Samp0244",1,0,0,0,0,0,0,0,0,0
"Samp0245",1,0,0,0,0,0,0,0,0,0
"Samp0246",2,0,0,0,0,0,0,0,0,0
"Samp0247",0,1,0,0,0,0,0,0,0,0
"Samp0248",2,0,0,0,0,0,0,0,0,0
"Samp0249",3,2,0,0,0,0,0,0,0,0
"Samp0250",1,0,0,0,0,0,0,0,0,0
"Samp0251",3,0,0,0,0,0,0,0,0,0
"Samp0252",1,0,0,0,0,0,0,0,0,0
"Samp0253",1,0,0,0,0,0,0,0,0,0
"Samp0254",0,0,0,0,0,0,0,0,0,0
"Samp0255",1,0,0,0,0,0,0,0,0,0
"Samp0256",2,0,0,0,0,0,0,0,0,0
"Samp0257",0,0,0,0,0,0,0,0,0,0
"Samp0258",1,0,0,0,0,0,0,0,0,0
"Samp0259",0,0,0,0,0,0,0,0,0,0
"Samp0260",0,0,0,0,0,0,0,0,0,0
"Samp0261",0,0,0,0,0,0,0,0,0,0
"Samp0262",2,0,0,0,0,0,0,0,0,0
"Samp0263",3,2,0,0,0,0,0,0,0,0
"Samp0264",3,2,0,0,0,0,0,0,0,0
"Samp0265",1,2,0,0,0,0,0,0,0,0
"Samp0266",3,0,0,0,0,0,0,0,0,0
"Samp0267",3,0,0,0,0,0,0,0,0,0
"Samp0268",0,0,0,0,0,0,0,0,0,0
"Samp0269",1,3,0,0,0,0,0,0,0,0
"Samp0270",2,1,0,0,0,0,0,0,0,0
"Samp0271",0,0,3,1,0,0,0,0,0,0
"Samp0272",0,0,0,0,0,0,0,0,0,0
"Samp0273",0,0,4,3,0,0,0,0,0,0
"Samp0274",4,0,0,2,0,0,0,0,0,0
"Samp0275",2,0,1,0,0,0,0,0,0,0
"Samp0276",2,0,1,0,0,0,0,0,0,0
"Samp0277",0,0,4,0,0,0,0,0,0,0
"Samp0278",1,0,3,0,0,0,0,0,0,0
"Samp0279",0,0,3,0,0,0,0,0,0,0
"Samp0280",0,0,4,3,0,0,0,0,0,0
"Samp0281",3,0,2,1,0,0,4,0,0,0
"Samp0282",2,0,4,0,0,0,0,0,0,0
"Samp0283",0,0,1,0,0,0,0,0,0,0
"Samp0284",0,0,2,2,0,0,0,0,0,0
"Samp0285",3,0,1,0,0,0,0,0,0,0
"Samp0286",0,0,0,0,0,0,0,0,0,0
"Samp0287",0,0,0,0,0,0,0,0,0,0
"Samp0288",2,0,1,0,0,0,0,0,0,0
"Samp0289",0,0,0,0,0,0,0,0,0,0
"Samp0290",3,0,0,0,0,0,0,0,0,0
"Samp0291",2,0,0,0,0,0,0,0,0,0
"Samp0292",6,0,2,0,0,0,0,0,0,0
"Samp0293",2,0,1,0,0,0,0,0,0,0
"Samp0294",4,0,2,0,0,0,0,0,0,0
"Samp0295",3,0,0,0,0,0,0,0,0,0
"Samp0296",2,0,1,0,0,0,0,0,0,0
"Samp0297",2,0,0,0,0,0,0,0,0,0
"Samp0298",4,0,1,0,0,0,0,0,0,0
"Samp0299",1,0,0,0,0,0,0,0,0,0
"Samp0300",0,0,1,0,0,0,0,0,0,0
"Samp0301",1,0,0,0,0,0,0,0,0,0
"Samp0302",0,0,2,0,0,0,0,0,0,0
"Samp0303",0,0,0,0,0,0,0,0,0,0
"Samp0304",2,0,0,0,0,0,0,0,0,0
"Samp0305",0,0,1,0,0,0,0,0,0,0
"Samp0306",1,0,0,0,0,0,0,0,0,0
"Samp0307",0,0,0,0,0,0,0,0,0,0
"Samp0308",0,0,0,0,0,0,0,0,0,0
"Samp0309",0,0,1,0,0,0,0,0,0,0
"Samp0310",0,0,0,0,0,0,0,0,0,0
"Samp0311",0,0,0,0,0,0,0,0,0,0
"Samp0312",2,0,0,0,0,0,0,0,0,0
"Samp0313",0,0,0,0,0,0,0,0,0,0
"Samp0314",0,0,0,0,0,0,0,0,0,0
"Samp0315",0,0,0,0,0,0,0,0,0,0
"Samp0316",1,0,1,0,0,0,0,0,0,0
"Samp0317",0,0,0,0,0,0,0,0,0,0
"Samp0318",0,0,0,0,0,0,0,0,0,0
"Samp0319",2,0,0,0,0,0,0,0,0,0
"Samp0320",1,0,1,0,0,0,0,0,0,0
"Samp0321",0,0,0,0,0,0,0,0,0,0
"Samp0322",0,1,0,1,0,0,0,0,0,0
"Samp0323",0,0,0,0,0,0,0,0,0,0
"Samp0324",3,0,0,2,0,0,0,0,0,0
"Samp0325",0,0,0,0,0,0,0,0,0,0
"Samp0326",0,0,0,0,0,0,0,0,0,0
"Samp0327",2,0,0,0,0,0,0,0,0,0
"Samp0328",0,0,0,0,0,0,0,0,0,0
"Samp0329",3,0,0,0,0,0,0,0,0,0
"Samp0330",1,0,0,0,0,0,0,0,0,0
"Samp0331",0,0,0,0,0,0,0,0,0,0
"Samp0332",5,0,0,0,0,0,0,0,0,0
"Samp0333",0,0,0,0,0,0,0,0,0,0
"Samp0334",1,0,0,0,0,0,0,0,0,0
"Samp0335",1,0,0,0,0,0,0,0,0,0
"Samp0336",3,0,0,0,0,0,0,0,0,0
"Samp0337",1,0,0,0,0,0,0,0,0,0
"Samp0338",0,0,0,0,0,0,0,0,0,0
"Samp0339",4,0,0,0,0,0,0,0,0,0
"Samp0340",5,1,0,0,0,0,0,0,0,0
"Samp0341",5,0,0,0,0,0,0,0,0,0
"Samp0342",5,0,0,0,0,0,0,0,0,0
"Samp0343",4,0,0,0,0,0,0,0,0,0
"Samp0344",1,0,0,0,0,0,0,0,0,0
"Samp0345",4,1,0,0,0,0,0,0,0,0
"Samp0346",1,0,0,0,0,0,0,0,0,0
"Samp0347",4,0,0,0,0,0,0,0,0,0
"Samp0348",0,0,0,0,0,0,0,0,0,0
"Samp0349",4,0,0,0,0,0,0,0,0,0
"Samp0350",0,0,0,0,0,0,0,0,0,0
"Samp0351",3,0,0,0,0,0,0,0,0,0
"Samp0352",0,0,0,0,0,0,0,0,0,0
"Samp0353",1,0,0,0,0,0,0,0,0,0
"Samp0354",1,0,0,0,0,0,0,0,0,0
"Samp0355",1,0,0,0,0,0,0,0,0,0
"Samp0356",1,0,0,0,0,0,0,0,0,0
"Samp0357",1,0,0,0,0,0,0,0,0,0
"Samp0358",0,0,0,0,0,0,0,0,0,0
"Samp0359",2,0,0,0,0,0,0,0,0,0
"Samp0360",0,0,0,0,0,0,0,0,0,0
"Samp0361",1,0,0,0,0,0,0,0,0,0
"Samp0362",0,0,0,0,0,0,0,0,0,0
"Samp0363",0,0,0,0,0,0,0,0,0,0
"Samp0364",0,0,0,0,0,0,0,0,0,0
"Samp0365",0,0,0,0,0,0,0,0,0,0
"Samp0366",2,0,0,0,0,0,0,0,0,0
"Samp0367",0,0,0,0,0,0,0,0,0,0
"Samp0368",0,0,0,0,0,0,0,0,0,0
"Samp0369",0,0,0,0,0,0,0,0,0,0
"Samp0370",0,0,0,0,0,0,0,0,0,0
"Samp0371",0,0,0,0,0,0,0,0,0,0
"Samp0372",0,0,0,0,0,0,0,0,0,0
"Samp0373",0,0,0,0,0,0,0,0,0,0
"Samp0374",0,0,0,0,0,0,0,0,0,0
"Samp0375",1,0,0,0,0,0,0,0,0,0
"Samp0376",0,0,0,0,0,0,0,0,0,0
"Samp0377",0,0,0,0,0,0,0,0,0,0
"Samp0378",0,0,0,0,0,0,0,0,0,0
"Samp0379",2,0,0,0,0,0,0,0,0,0
"Samp0380",0,0,0,0,0,0,0,0,0,0
"Samp0381",2,0,0,0,0,0,0,0,0,0
"Samp0382",0,0,0,0,0,0,0,0,0,0
"Samp0383",1,0,0,0,0,0,0,0,0,0
"Samp0384",1,0,0,0,0,0,0,0,0,0
"Samp0385",0,0,0,0,0,0,0,0,0,0
"Samp0386",0,0,0,0,0,0,0,0,0,0
"Samp0387",0,0,0,0,0,0,0,0,0,0
"Samp0388",2,0,0,0,0,0,0,0,0,0
"Samp0389",7,0,0,0,0,0,0,0,0,0
"Samp0390",4,0,0,0,0,0,0,0,0,0
"Samp0391",3,1,0,0,0,0,0,0,0,0
"Samp0392",1,0,0,0,0,0,0,0,0,0
"Samp0393",5,1,0,0,0,0,0,0,0,0
"Samp0394",4,0,0,0,0,0,0,0,0,0
"Samp0395",7,0,0,0,0,0,0,0,0,0
"Samp0396",5,1,0,0,0,0,0,0,0,0
"Samp0397",3,0,0,0,0,0,0,0,0,0
"Samp0398",1,0,0,0,0,0,0,0,0,0
"Samp0399",3,0,0,0,0,0,0,0,0,0
"Samp0400",1,0,0,0,0,0,0,0,0,0
"Samp0401",5,0,0,0,0,0,0,0,0,0
"Samp0402",7,0,0,0,0,0,0,0,0,0
"Samp0403",1,0,0,0,0,0,0,0,0,0
"Samp0404",2,0,0,0,0,0,0,0,0,0
"Samp0405",0,0,0,0,0,0,0,0,0,0
"Samp0406",1,0,0,0,0,0,0,0,0,0
"Samp0407",2,0,0,0,0,0,0,0,0,0
"Samp0408",0,0,0,0,0,0,0,0,0,0
"Samp0409",1,0,0,0,0,0,0,0,0,0
"Samp0410",2,0,1,0,0,0,0,0,0,0
"Samp0411",0,0,0,0,0,0,0,0,0,0
"Samp0412",2,1,1,0,0,0,0,0,0,0
"Samp0413",1,2,0,1,0,0,0,0,0,0
"Samp0414",3,3,0,0,0,0,0,0,0,0
"Samp0415",4,0,1,1,0,0,0,0,0,0
"Samp0416",2,0,0,0,0,0,0,0,0,0
"Samp0417",3,1,1,2,0,0,0,0,0,0
"Samp0418",2,0,0,2,0,0,0,0,0,0
"Samp0419",2,0,1,6,0,0,0,0,0,0
"Samp0420",0,1,0,2,0,0,0,0,0,0
"Samp0421",1,0,3,0,1,0,0,0,0,0
"Samp0422",4,0,0,0,0,0,1,0,0,0
"Samp0423",0,0,0,0,0,0,0,0,0,0
"Samp0424",1,0,2,0,0,0,1,0,0,0
"Samp0425",5,0,2,1,0,0,0,0,0,0
"Samp0426",2,0,0,0,0,0,0,0,0,0
"Samp0427",2,0,1,3,0,0,1,0,0,0
"Samp0428",1,0,2,0,0,1,1,2,0,0
"Samp0429",5,0,0,7,0,0,0,1,0,0
"Samp0430",2,0,1,1,0,0,0,0,0,0
"Samp0431",1,0,0,0,0,0,1,0,0,0
"Samp0432",0,0,1,1,0,0,0,0,0,0
"Samp0433",1,0,0,0,0,0,0,0,0,0
"Samp0434",0,0,0,0,0,0,0,0,0,0
"Samp0435",0,0,0,0,0,0,0,0,0,0
"Samp0436",0,0,0,0,0,0,0,0,0,0
"Samp0437",3,0,0,0,0,0,0,0,0,0
"Samp0438",2,0,0,0,0,0,0,0,0,0
"Samp0439",2,0,0,0,0,0,0,0,0,0
"Samp0440",1,0,0,0,0,0,0,0,0,0
"Samp0441",4,0,0,0,0,0,0,0,0,0
"Samp0442",1,0,0,0,0,0,0,0,0,0
"Samp0443",1,0,0,0,0,0,0,0,0,0
"Samp0444",1,0,0,0,0,0,0,0,0,0
"Samp0445",1,1,0,1,0,0,0,0,0,0
"Samp0446",1,1,0,0,0,0,0,0,0,0
"Samp0447",2,0,0,0,0,0,0,0,0,0
"Samp0448",2,1,0,0,0,0,0,0,0,0
"Samp0449",2,0,0,0,0,0,0,0,0,0
"Samp0450",1,1,1,0,0,0,0,0,0,0
"Samp0451",5,2,0,1,0,0,0,0,0,0
"Samp0452",11,1,2,3,0,0,0,0,0,0
"Samp0453",6,1,0,1,0,0,0,0,0,0
"Samp0454",4,1,0,0,0,0,0,0,0,0
"Samp0455",5,2,1,0,0,0,0,0,0,0
"Samp0456",3,0,0,0,0,0,0,0,0,0
"Samp0457",1,1,1,0,0,0,0,0,0,0
"Samp0458",6,6,0,2,0,0,0,0,0,0
"Samp0459",2,0,0,0,0,0,0,0,0,0
"Samp0460",1,0,0,0,0,0,0,0,0,0
"Samp0461",2,0,1,4,0,0,0,0,0,0
"Samp0462",2,0,1,2,0,0,0,0,0,0
"Samp0463",3,1,1,4,0,0,0,0,0,0
"Samp0464",10,0,2,2,0,0,0,0,0,0
"Samp0465",2,0,0,1,0,0,0,0,0,0
"Samp0466",7,2,3,3,0,0,0,0,0,0
"Samp0467",8,0,1,4,0,0,0,0,0,0
"Samp0468",13,2,1,6,0,0,0,0,0,0
"Samp0469",5,1,0,3,0,0,0,0,0,0
"Samp0470",1,1,0,2,0,0,0,0,0,0
"Samp0471",3,0,0,1,0,0,0,0,0,0
"Samp0472",3,0,1,1,0,0,0,0,0,0
"Samp0473",3,0,0,0,0,0,0,0,0,0
"Samp0474",8,0,1,1,0,0,0,0,0,0
"Samp0475",1,0,0,0,0,0,0,0,0,0
"Samp0476",0,1,0,1,0,0,0,0,0,0
"Samp0477",0,0,0,0,0,0,0,0,0,0
"Samp0478",0,0,1,1,0,0,0,0,0,0
"Samp0479",2,0,1,3,0,0,0,0,0,0
"Samp0480",0,0,1,0,0,0,0,0,0,0
"Samp0481",5,0,0,2,0,0,0,0,0,0
"Samp0482",7,0,0,4,0,0,0,0,0,0
"Samp0483",7,1,2,0,0,0,1,0,0,0
"Samp0484",1,0,0,2,0,0,0,0,0,0
"Samp0485",0,0,0,4,0,0,0,0,0,0
"Samp0486",2,0,1,1,0,0,0,0,0,0
"Samp0487",1,0,0,0,0,0,0,0,0,1
"Samp0488",1,0,0,0,0,0,0,0,0,2
"Samp0489",4,0,0,0,0,0,0,0,0,1
"Samp0490",0,0,0,0,0,0,0,0,0,5
"Samp0491",1,0,0,0,0,0,0,2,0,8
"Samp0492",0,0,0,0,0,0,1,0,1,2
"Samp0493",0,0,0,0,0,0,0,1,3,2
"Samp0494",1,0,0,0,0,0,0,0,1,1
"Samp0495",0,0,0,0,0,0,2,0,4,2
"Samp0496",1,1,0,0,0,0,0,0,3,2
"Samp0497",0,1,0,0,0,0,0,0,2,1
"Samp0498",2,1,0,0,0,0,0,1,1,1
"Samp0499",0,0,0,0,0,0,0,0,1,1
"Samp0500",5,0,0,0,0,0,0,1,0,1
"Samp0501",4,0,0,0,0,0,1,1,1,0
"Samp0502",8,0,0,0,0,0,0,0,2,2
"Samp0503",3,0,0,0,0,0,0,2,4,0
"Samp0504",0,0,0,0,0,0,0,0,0,0
"Samp0505",2,0,0,0,0,0,0,0,0,0
"Samp0506",1,0,0,0,0,0,0,0,0,0
"Samp0507",0,0,0,0,0,0,0,0,0,0
"Samp0508",3,0,0,0,0,0,0,0,0,0
"Samp0509",1,0,0,0,0,0,0,0,0,0
"Samp0510",0,0,0,0,0,0,0,0,0,0
"Samp0511",0,0,0,0,0,0,0,0,0,0
"Samp0512",3,0,0,0,0,0,0,0,0,0
"Samp0513",2,0,0,0,0,0,0,0,1,0
"Samp0514",0,0,0,0,0,0,0,0,0,4
"Samp0515",0,0,0,0,0,0,0,0,1,1
"Samp0516",2,0,0,0,0,0,0,0,0,1
"Samp0517",0,0,0,0,0,0,0,1,0,0
"Samp0518",0,0,0,0,0,0,0,1,1,2
"Samp0519",0,0,0,0,0,0,3,1,1,7
"Samp0520",0,0,0,0,0,0,0,0,5,8
"Samp0521",1,0,0,0,0,0,0,0,2,4
"Samp0522",1,0,0,0,0,0,0,0,1,0
"Samp0523",2,1,0,0,0,0,0,0,2,0
"Samp0524",0,0,0,0,0,0,0,0,0,0
"Samp0525",0,0,0,0,0,0,0,0,0,0
"Samp0526",1,0,0,0,0,0,2,0,0,0
"Samp0527",0,0,0,0,0,0,0,0,0,0
"Samp0528",1,0,0,0,0,0,0,0,0,0
"Samp0529",0,0,0,0,0,0,0,0,2,1
"Samp0530",0,0,0,0,0,0,1,0,0,2
"Samp0531",0,0,0,0,0,0,0,0,0,0
"Samp0532",1,0,0,0,0,0,0,0,1,5
"Samp0533",1,0,0,0,0,0,1,0,2,3
"Samp0534",0,0,0,0,0,0,0,0,1,3
"Samp0535",0,0,0,0,0,0,0,0,0,0
"Samp0536",1,0,0,0,0,0,0,0,0,0
"Samp0537",0,0,0,0,0,0,0,0,0,0
"Samp0538",2,0,0,0,0,0,0,0,0,2
"Samp0539",2,0,0,0,0,0,0,1,0,0
"Samp0540",2,0,0,0,0,0,0,0,0,1
"Samp0541",1,0,0,0,0,0,0,0,3,3
"Samp0542",1,0,0,0,0,0,0,0,9,3
"Samp0543",0,0,0,0,0,0,0,0,1,1
"Samp0544",0,0,0,0,0,0,0,0,2,0
"Samp0545",1,0,0,0,0,0,0,0,2,1
"Samp0546",1,0,0,0,0,0,0,0,4,0
"Samp0547",1,0,0,0,0,0,0,0,1,2
"Samp0548",0,0,0,0,0,0,0,0,2,0
"Samp0549",0,0,0,0,0,0,0,0,3,4
"Samp0550",2,1,0,0,0,0,0,0,0,3
"Samp0551",1,1,0,0,0,0,0,0,0,2
"Samp0552",0,0,0,0,0,0,0,0,2,0
"Samp0553",0,0,0,0,0,0,0,0,4,1
"Samp0554",2,0,0,0,0,0,0,0,3,1
"Samp0555",0,0,0,0,0,0,0,0,3,2
"Samp0556",0,1,0,0,0,0,0,0,2,5
"Samp0557",0,0,0,0,0,0,0,0,1,1
"Samp0558",0,0,0,0,0,0,0,0,2,5
"Samp0559",0,0,0,0,0,0,0,0,0,2
"Samp0560",0,0,0,0,0,0,0,0,0,1
"Samp0561",0,0,0,0,0,0,0,0,0,1
"Samp0562",1,0,0,0,0,0,0,0,1,2
"Samp0563",3,0,0,0,0,0,0,0,2,1
"Samp0564",1,0,0,0,0,0,0,0,1,1
"Samp0565",3,1,0,0,0,0,0,0,2,1
"Samp0566",2,0,0,0,0,0,0,0,0,1
"Samp0567",3,0,0,0,0,0,0,0,0,0
,328,65,114,92,20,3,65,53,43,51
