,"Watershed","Stream","Reach","Run","Stream Nested","Reach Nested","Run Nested"
,"WS","ST","RE","RU","ST_nst","RE_nst","RU_nst"
"Samp0001","Bay","Bay_1","Bay_1R1","Bay_1R1r1","St_1","Re_1","Ru_1"
"Samp0002","Bay","Bay_1","Bay_1R1","Bay_1R1r1","St_1","Re_1","Ru_1"
"Samp0003","Bay","Bay_1","Bay_1R1","Bay_1R1r1","St_1","Re_1","Ru_1"
"Samp0004","Bay","Bay_1","Bay_1R1","Bay_1R1r2","St_1","Re_1","Ru_2"
"Samp0005","Bay","Bay_1","Bay_1R1","Bay_1R1r2","St_1","Re_1","Ru_2"
"Samp0006","Bay","Bay_1","Bay_1R1","Bay_1R1r2","St_1","Re_1","Ru_2"
"Samp0007","Bay","Bay_1","Bay_1R1","Bay_1R1r3","St_1","Re_1","Ru_3"
"Samp0008","Bay","Bay_1","Bay_1R1","Bay_1R1r3","St_1","Re_1","Ru_3"
"Samp0009","Bay","Bay_1","Bay_1R1","Bay_1R1r3","St_1","Re_1","Ru_3"
"Samp0010","Bay","Bay_1","Bay_1R2","Bay_1R2r1","St_1","Re_2","Ru_1"
"Samp0011","Bay","Bay_1","Bay_1R2","Bay_1R2r1","St_1","Re_2","Ru_1"
"Samp0012","Bay","Bay_1","Bay_1R2","Bay_1R2r1","St_1","Re_2","Ru_1"
"Samp0013","Bay","Bay_1","Bay_1R2","Bay_1R2r2","St_1","Re_2","Ru_2"
"Samp0014","Bay","Bay_1","Bay_1R2","Bay_1R2r2","St_1","Re_2","Ru_2"
"Samp0015","Bay","Bay_1","Bay_1R2","Bay_1R2r2","St_1","Re_2","Ru_2"
"Samp0016","Bay","Bay_1","Bay_1R2","Bay_1R2r3","St_1","Re_2","Ru_3"
"Samp0017","Bay","Bay_1","Bay_1R2","Bay_1R2r3","St_1","Re_2","Ru_3"
"Samp0018","Bay","Bay_1","Bay_1R2","Bay_1R2r3","St_1","Re_2","Ru_3"
"Samp0019","Bay","Bay_1","Bay_1R3","Bay_1R3r1","St_1","Re_3","Ru_1"
"Samp0020","Bay","Bay_1","Bay_1R3","Bay_1R3r1","St_1","Re_3","Ru_1"
"Samp0021","Bay","Bay_1","Bay_1R3","Bay_1R3r1","St_1","Re_3","Ru_1"
"Samp0022","Bay","Bay_1","Bay_1R3","Bay_1R3r2","St_1","Re_3","Ru_2"
"Samp0023","Bay","Bay_1","Bay_1R3","Bay_1R3r2","St_1","Re_3","Ru_2"
"Samp0024","Bay","Bay_1","Bay_1R3","Bay_1R3r2","St_1","Re_3","Ru_2"
"Samp0025","Bay","Bay_1","Bay_1R3","Bay_1R3r3","St_1","Re_3","Ru_3"
"Samp0026","Bay","Bay_1","Bay_1R3","Bay_1R3r3","St_1","Re_3","Ru_3"
"Samp0027","Bay","Bay_1","Bay_1R3","Bay_1R3r3","St_1","Re_3","Ru_3"
"Samp0028","Bay","Bay_2","Bay_2R1","Bay_2R1r1","St_2","Re_1","Ru_1"
"Samp0029","Bay","Bay_2","Bay_2R1","Bay_2R1r1","St_2","Re_1","Ru_1"
"Samp0030","Bay","Bay_2","Bay_2R1","Bay_2R1r1","St_2","Re_1","Ru_1"
"Samp0031","Bay","Bay_2","Bay_2R1","Bay_2R1r2","St_2","Re_1","Ru_2"
"Samp0032","Bay","Bay_2","Bay_2R1","Bay_2R1r2","St_2","Re_1","Ru_2"
"Samp0033","Bay","Bay_2","Bay_2R1","Bay_2R1r2","St_2","Re_1","Ru_2"
"Samp0034","Bay","Bay_2","Bay_2R1","Bay_2R1r3","St_2","Re_1","Ru_3"
"Samp0035","Bay","Bay_2","Bay_2R1","Bay_2R1r3","St_2","Re_1","Ru_3"
"Samp0036","Bay","Bay_2","Bay_2R1","Bay_2R1r3","St_2","Re_1","Ru_3"
"Samp0037","Bay","Bay_2","Bay_2R2","Bay_2R2r1","St_2","Re_2","Ru_1"
"Samp0038","Bay","Bay_2","Bay_2R2","Bay_2R2r1","St_2","Re_2","Ru_1"
"Samp0039","Bay","Bay_2","Bay_2R2","Bay_2R2r1","St_2","Re_2","Ru_1"
"Samp0040","Bay","Bay_2","Bay_2R2","Bay_2R2r2","St_2","Re_2","Ru_2"
"Samp0041","Bay","Bay_2","Bay_2R2","Bay_2R2r2","St_2","Re_2","Ru_2"
"Samp0042","Bay","Bay_2","Bay_2R2","Bay_2R2r2","St_2","Re_2","Ru_2"
"Samp0043","Bay","Bay_2","Bay_2R2","Bay_2R2r3","St_2","Re_2","Ru_3"
"Samp0044","Bay","Bay_2","Bay_2R2","Bay_2R2r3","St_2","Re_2","Ru_3"
"Samp0045","Bay","Bay_2","Bay_2R2","Bay_2R2r3","St_2","Re_2","Ru_3"
"Samp0046","Bay","Bay_2","Bay_2R3","Bay_2R3r1","St_2","Re_3","Ru_1"
"Samp0047","Bay","Bay_2","Bay_2R3","Bay_2R3r1","St_2","Re_3","Ru_1"
"Samp0048","Bay","Bay_2","Bay_2R3","Bay_2R3r1","St_2","Re_3","Ru_1"
"Samp0049","Bay","Bay_2","Bay_2R3","Bay_2R3r2","St_2","Re_3","Ru_2"
"Samp0050","Bay","Bay_2","Bay_2R3","Bay_2R3r2","St_2","Re_3","Ru_2"
"Samp0051","Bay","Bay_2","Bay_2R3","Bay_2R3r2","St_2","Re_3","Ru_2"
"Samp0052","Bay","Bay_2","Bay_2R3","Bay_2R3r3","St_2","Re_3","Ru_3"
"Samp0053","Bay","Bay_2","Bay_2R3","Bay_2R3r3","St_2","Re_3","Ru_3"
"Samp0054","Bay","Bay_2","Bay_2R3","Bay_2R3r3","St_2","Re_3","Ru_3"
"Samp0055","Bay","Bay_3","Bay_3R1","Bay_3R1r1","St_3","Re_1","Ru_1"
"Samp0056","Bay","Bay_3","Bay_3R1","Bay_3R1r1","St_3","Re_1","Ru_1"
"Samp0057","Bay","Bay_3","Bay_3R1","Bay_3R1r1","St_3","Re_1","Ru_1"
"Samp0058","Bay","Bay_3","Bay_3R1","Bay_3R1r2","St_3","Re_1","Ru_2"
"Samp0059","Bay","Bay_3","Bay_3R1","Bay_3R1r2","St_3","Re_1","Ru_2"
"Samp0060","Bay","Bay_3","Bay_3R1","Bay_3R1r2","St_3","Re_1","Ru_2"
"Samp0061","Bay","Bay_3","Bay_3R1","Bay_3R1r3","St_3","Re_1","Ru_3"
"Samp0062","Bay","Bay_3","Bay_3R1","Bay_3R1r3","St_3","Re_1","Ru_3"
"Samp0063","Bay","Bay_3","Bay_3R1","Bay_3R1r3","St_3","Re_1","Ru_3"
"Samp0064","Bay","Bay_3","Bay_3R2","Bay_3R2r1","St_3","Re_2","Ru_1"
"Samp0065","Bay","Bay_3","Bay_3R2","Bay_3R2r1","St_3","Re_2","Ru_1"
"Samp0066","Bay","Bay_3","Bay_3R2","Bay_3R2r1","St_3","Re_2","Ru_1"
"Samp0067","Bay","Bay_3","Bay_3R2","Bay_3R2r2","St_3","Re_2","Ru_2"
"Samp0068","Bay","Bay_3","Bay_3R2","Bay_3R2r2","St_3","Re_2","Ru_2"
"Samp0069","Bay","Bay_3","Bay_3R2","Bay_3R2r2","St_3","Re_2","Ru_2"
"Samp0070","Bay","Bay_3","Bay_3R2","Bay_3R2r3","St_3","Re_2","Ru_3"
"Samp0071","Bay","Bay_3","Bay_3R2","Bay_3R2r3","St_3","Re_2","Ru_3"
"Samp0072","Bay","Bay_3","Bay_3R2","Bay_3R2r3","St_3","Re_2","Ru_3"
"Samp0073","Bay","Bay_3","Bay_3R3","Bay_3R3r1","St_3","Re_3","Ru_1"
"Samp0074","Bay","Bay_3","Bay_3R3","Bay_3R3r1","St_3","Re_3","Ru_1"
"Samp0075","Bay","Bay_3","Bay_3R3","Bay_3R3r1","St_3","Re_3","Ru_1"
"Samp0076","Bay","Bay_3","Bay_3R3","Bay_3R3r2","St_3","Re_3","Ru_2"
"Samp0077","Bay","Bay_3","Bay_3R3","Bay_3R3r2","St_3","Re_3","Ru_2"
"Samp0078","Bay","Bay_3","Bay_3R3","Bay_3R3r2","St_3","Re_3","Ru_2"
"Samp0079","Bay","Bay_3","Bay_3R3","Bay_3R3r3","St_3","Re_3","Ru_3"
"Samp0080","Bay","Bay_3","Bay_3R3","Bay_3R3r3","St_3","Re_3","Ru_3"
"Samp0081","Bay","Bay_3","Bay_3R3","Bay_3R3r3","St_3","Re_3","Ru_3"
"Samp0082","English","English_1","English_1R1","English_1R1r1","St_1","Re_1","Ru_1"
"Samp0083","English","English_1","English_1R1","English_1R1r1","St_1","Re_1","Ru_1"
"Samp0084","English","English_1","English_1R1","English_1R1r1","St_1","Re_1","Ru_1"
"Samp0085","English","English_1","English_1R1","English_1R1r2","St_1","Re_1","Ru_2"
"Samp0086","English","English_1","English_1R1","English_1R1r2","St_1","Re_1","Ru_2"
"Samp0087","English","English_1","English_1R1","English_1R1r2","St_1","Re_1","Ru_2"
"Samp0088","English","English_1","English_1R1","English_1R1r3","St_1","Re_1","Ru_3"
"Samp0089","English","English_1","English_1R1","English_1R1r3","St_1","Re_1","Ru_3"
"Samp0090","English","English_1","English_1R1","English_1R1r3","St_1","Re_1","Ru_3"
"Samp0091","English","English_1","English_1R2","English_1R2r1","St_1","Re_2","Ru_1"
"Samp0092","English","English_1","English_1R2","English_1R2r1","St_1","Re_2","Ru_1"
"Samp0093","English","English_1","English_1R2","English_1R2r1","St_1","Re_2","Ru_1"
"Samp0094","English","English_1","English_1R2","English_1R2r2","St_1","Re_2","Ru_2"
"Samp0095","English","English_1","English_1R2","English_1R2r2","St_1","Re_2","Ru_2"
"Samp0096","English","English_1","English_1R2","English_1R2r2","St_1","Re_2","Ru_2"
"Samp0097","English","English_1","English_1R2","English_1R2r3","St_1","Re_2","Ru_3"
"Samp0098","English","English_1","English_1R2","English_1R2r3","St_1","Re_2","Ru_3"
"Samp0099","English","English_1","English_1R2","English_1R2r3","St_1","Re_2","Ru_3"
"Samp0100","English","English_1","English_1R3","English_1R3r1","St_1","Re_3","Ru_1"
"Samp0101","English","English_1","English_1R3","English_1R3r1","St_1","Re_3","Ru_1"
"Samp0102","English","English_1","English_1R3","English_1R3r1","St_1","Re_3","Ru_1"
"Samp0103","English","English_1","English_1R3","English_1R3r2","St_1","Re_3","Ru_2"
"Samp0104","English","English_1","English_1R3","English_1R3r2","St_1","Re_3","Ru_2"
"Samp0105","English","English_1","English_1R3","English_1R3r2","St_1","Re_3","Ru_2"
"Samp0106","English","English_1","English_1R3","English_1R3r3","St_1","Re_3","Ru_3"
"Samp0107","English","English_1","English_1R3","English_1R3r3","St_1","Re_3","Ru_3"
"Samp0108","English","English_1","English_1R3","English_1R3r3","St_1","Re_3","Ru_3"
"Samp0109","English","English_2","English_2R1","English_2R1r1","St_2","Re_1","Ru_1"
"Samp0110","English","English_2","English_2R1","English_2R1r1","St_2","Re_1","Ru_1"
"Samp0111","English","English_2","English_2R1","English_2R1r1","St_2","Re_1","Ru_1"
"Samp0112","English","English_2","English_2R1","English_2R1r2","St_2","Re_1","Ru_2"
"Samp0113","English","English_2","English_2R1","English_2R1r2","St_2","Re_1","Ru_2"
"Samp0114","English","English_2","English_2R1","English_2R1r2","St_2","Re_1","Ru_2"
"Samp0115","English","English_2","English_2R1","English_2R1r3","St_2","Re_1","Ru_3"
"Samp0116","English","English_2","English_2R1","English_2R1r3","St_2","Re_1","Ru_3"
"Samp0117","English","English_2","English_2R1","English_2R1r3","St_2","Re_1","Ru_3"
"Samp0118","English","English_2","English_2R2","English_2R2r1","St_2","Re_2","Ru_1"
"Samp0119","English","English_2","English_2R2","English_2R2r1","St_2","Re_2","Ru_1"
"Samp0120","English","English_2","English_2R2","English_2R2r1","St_2","Re_2","Ru_1"
"Samp0121","English","English_2","English_2R2","English_2R2r2","St_2","Re_2","Ru_2"
"Samp0122","English","English_2","English_2R2","English_2R2r2","St_2","Re_2","Ru_2"
"Samp0123","English","English_2","English_2R2","English_2R2r2","St_2","Re_2","Ru_2"
"Samp0124","English","English_2","English_2R2","English_2R2r3","St_2","Re_2","Ru_3"
"Samp0125","English","English_2","English_2R2","English_2R2r3","St_2","Re_2","Ru_3"
"Samp0126","English","English_2","English_2R2","English_2R2r3","St_2","Re_2","Ru_3"
"Samp0127","English","English_2","English_2R3","English_2R3r1","St_2","Re_3","Ru_1"
"Samp0128","English","English_2","English_2R3","English_2R3r1","St_2","Re_3","Ru_1"
"Samp0129","English","English_2","English_2R3","English_2R3r1","St_2","Re_3","Ru_1"
"Samp0130","English","English_2","English_2R3","English_2R3r2","St_2","Re_3","Ru_2"
"Samp0131","English","English_2","English_2R3","English_2R3r2","St_2","Re_3","Ru_2"
"Samp0132","English","English_2","English_2R3","English_2R3r2","St_2","Re_3","Ru_2"
"Samp0133","English","English_2","English_2R3","English_2R3r3","St_2","Re_3","Ru_3"
"Samp0134","English","English_2","English_2R3","English_2R3r3","St_2","Re_3","Ru_3"
"Samp0135","English","English_2","English_2R3","English_2R3r3","St_2","Re_3","Ru_3"
"Samp0136","English","English_3","English_3R1","English_3R1r1","St_3","Re_1","Ru_1"
"Samp0137","English","English_3","English_3R1","English_3R1r1","St_3","Re_1","Ru_1"
"Samp0138","English","English_3","English_3R1","English_3R1r1","St_3","Re_1","Ru_1"
"Samp0139","English","English_3","English_3R1","English_3R1r2","St_3","Re_1","Ru_2"
"Samp0140","English","English_3","English_3R1","English_3R1r2","St_3","Re_1","Ru_2"
"Samp0141","English","English_3","English_3R1","English_3R1r2","St_3","Re_1","Ru_2"
"Samp0142","English","English_3","English_3R1","English_3R1r3","St_3","Re_1","Ru_3"
"Samp0143","English","English_3","English_3R1","English_3R1r3","St_3","Re_1","Ru_3"
"Samp0144","English","English_3","English_3R1","English_3R1r3","St_3","Re_1","Ru_3"
"Samp0145","English","English_3","English_3R2","English_3R2r1","St_3","Re_2","Ru_1"
"Samp0146","English","English_3","English_3R2","English_3R2r1","St_3","Re_2","Ru_1"
"Samp0147","English","English_3","English_3R2","English_3R2r1","St_3","Re_2","Ru_1"
"Samp0148","English","English_3","English_3R2","English_3R2r2","St_3","Re_2","Ru_2"
"Samp0149","English","English_3","English_3R2","English_3R2r2","St_3","Re_2","Ru_2"
"Samp0150","English","English_3","English_3R2","English_3R2r2","St_3","Re_2","Ru_2"
"Samp0151","English","English_3","English_3R2","English_3R2r3","St_3","Re_2","Ru_3"
"Samp0152","English","English_3","English_3R2","English_3R2r3","St_3","Re_2","Ru_3"
"Samp0153","English","English_3","English_3R2","English_3R2r3","St_3","Re_2","Ru_3"
"Samp0154","English","English_3","English_3R3","English_3R3r1","St_3","Re_3","Ru_1"
"Samp0155","English","English_3","English_3R3","English_3R3r1","St_3","Re_3","Ru_1"
"Samp0156","English","English_3","English_3R3","English_3R3r1","St_3","Re_3","Ru_1"
"Samp0157","English","English_3","English_3R3","English_3R3r2","St_3","Re_3","Ru_2"
"Samp0158","English","English_3","English_3R3","English_3R3r2","St_3","Re_3","Ru_2"
"Samp0159","English","English_3","English_3R3","English_3R3r2","St_3","Re_3","Ru_2"
"Samp0160","English","English_3","English_3R3","English_3R3r3","St_3","Re_3","Ru_3"
"Samp0161","English","English_3","English_3R3","English_3R3r3","St_3","Re_3","Ru_3"
"Samp0162","English","English_3","English_3R3","English_3R3r3","St_3","Re_3","Ru_3"
"Samp0163","Martins","Martins_1","Martins_1R1","Martins_1R1r1","St_1","Re_1","Ru_1"
"Samp0164","Martins","Martins_1","Martins_1R1","Martins_1R1r1","St_1","Re_1","Ru_1"
"Samp0165","Martins","Martins_1","Martins_1R1","Martins_1R1r1","St_1","Re_1","Ru_1"
"Samp0166","Martins","Martins_1","Martins_1R1","Martins_1R1r2","St_1","Re_1","Ru_2"
"Samp0167","Martins","Martins_1","Martins_1R1","Martins_1R1r2","St_1","Re_1","Ru_2"
"Samp0168","Martins","Martins_1","Martins_1R1","Martins_1R1r2","St_1","Re_1","Ru_2"
"Samp0169","Martins","Martins_1","Martins_1R1","Martins_1R1r3","St_1","Re_1","Ru_3"
"Samp0170","Martins","Martins_1","Martins_1R1","Martins_1R1r3","St_1","Re_1","Ru_3"
"Samp0171","Martins","Martins_1","Martins_1R1","Martins_1R1r3","St_1","Re_1","Ru_3"
"Samp0172","Martins","Martins_1","Martins_1R2","Martins_1R2r1","St_1","Re_2","Ru_1"
"Samp0173","Martins","Martins_1","Martins_1R2","Martins_1R2r1","St_1","Re_2","Ru_1"
"Samp0174","Martins","Martins_1","Martins_1R2","Martins_1R2r1","St_1","Re_2","Ru_1"
"Samp0175","Martins","Martins_1","Martins_1R2","Martins_1R2r2","St_1","Re_2","Ru_2"
"Samp0176","Martins","Martins_1","Martins_1R2","Martins_1R2r2","St_1","Re_2","Ru_2"
"Samp0177","Martins","Martins_1","Martins_1R2","Martins_1R2r2","St_1","Re_2","Ru_2"
"Samp0178","Martins","Martins_1","Martins_1R2","Martins_1R2r3","St_1","Re_2","Ru_3"
"Samp0179","Martins","Martins_1","Martins_1R2","Martins_1R2r3","St_1","Re_2","Ru_3"
"Samp0180","Martins","Martins_1","Martins_1R2","Martins_1R2r3","St_1","Re_2","Ru_3"
"Samp0181","Martins","Martins_1","Martins_1R3","Martins_1R3r1","St_1","Re_3","Ru_1"
"Samp0182","Martins","Martins_1","Martins_1R3","Martins_1R3r1","St_1","Re_3","Ru_1"
"Samp0183","Martins","Martins_1","Martins_1R3","Martins_1R3r1","St_1","Re_3","Ru_1"
"Samp0184","Martins","Martins_1","Martins_1R3","Martins_1R3r2","St_1","Re_3","Ru_2"
"Samp0185","Martins","Martins_1","Martins_1R3","Martins_1R3r2","St_1","Re_3","Ru_2"
"Samp0186","Martins","Martins_1","Martins_1R3","Martins_1R3r2","St_1","Re_3","Ru_2"
"Samp0187","Martins","Martins_1","Martins_1R3","Martins_1R3r3","St_1","Re_3","Ru_3"
"Samp0188","Martins","Martins_1","Martins_1R3","Martins_1R3r3","St_1","Re_3","Ru_3"
"Samp0189","Martins","Martins_1","Martins_1R3","Martins_1R3r3","St_1","Re_3","Ru_3"
"Samp0190","Martins","Martins_2","Martins_2R1","Martins_2R1r1","St_2","Re_1","Ru_1"
"Samp0191","Martins","Martins_2","Martins_2R1","Martins_2R1r1","St_2","Re_1","Ru_1"
"Samp0192","Martins","Martins_2","Martins_2R1","Martins_2R1r1","St_2","Re_1","Ru_1"
"Samp0193","Martins","Martins_2","Martins_2R1","Martins_2R1r2","St_2","Re_1","Ru_2"
"Samp0194","Martins","Martins_2","Martins_2R1","Martins_2R1r2","St_2","Re_1","Ru_2"
"Samp0195","Martins","Martins_2","Martins_2R1","Martins_2R1r2","St_2","Re_1","Ru_2"
"Samp0196","Martins","Martins_2","Martins_2R1","Martins_2R1r3","St_2","Re_1","Ru_3"
"Samp0197","Martins","Martins_2","Martins_2R1","Martins_2R1r3","St_2","Re_1","Ru_3"
"Samp0198","Martins","Martins_2","Martins_2R1","Martins_2R1r3","St_2","Re_1","Ru_3"
"Samp0199","Martins","Martins_2","Martins_2R2","Martins_2R2r1","St_2","Re_2","Ru_1"
"Samp0200","Martins","Martins_2","Martins_2R2","Martins_2R2r1","St_2","Re_2","Ru_1"
"Samp0201","Martins","Martins_2","Martins_2R2","Martins_2R2r1","St_2","Re_2","Ru_1"
"Samp0202","Martins","Martins_2","Martins_2R2","Martins_2R2r2","St_2","Re_2","Ru_2"
"Samp0203","Martins","Martins_2","Martins_2R2","Martins_2R2r2","St_2","Re_2","Ru_2"
"Samp0204","Martins","Martins_2","Martins_2R2","Martins_2R2r2","St_2","Re_2","Ru_2"
"Samp0205","Martins","Martins_2","Martins_2R2","Martins_2R2r3","St_2","Re_2","Ru_3"
"Samp0206","Martins","Martins_2","Martins_2R2","Martins_2R2r3","St_2","Re_2","Ru_3"
"Samp0207","Martins","Martins_2","Martins_2R2","Martins_2R2r3","St_2","Re_2","Ru_3"
"Samp0208","Martins","Martins_2","Martins_2R3","Martins_2R3r1","St_2","Re_3","Ru_1"
"Samp0209","Martins","Martins_2","Martins_2R3","Martins_2R3r1","St_2","Re_3","Ru_1"
"Samp0210","Martins","Martins_2","Martins_2R3","Martins_2R3r1","St_2","Re_3","Ru_1"
"Samp0211","Martins","Martins_2","Martins_2R3","Martins_2R3r2","St_2","Re_3","Ru_2"
"Samp0212","Martins","Martins_2","Martins_2R3","Martins_2R3r2","St_2","Re_3","Ru_2"
"Samp0213","Martins","Martins_2","Martins_2R3","Martins_2R3r2","St_2","Re_3","Ru_2"
"Samp0214","Martins","Martins_2","Martins_2R3","Martins_2R3r3","St_2","Re_3","Ru_3"
"Samp0215","Martins","Martins_2","Martins_2R3","Martins_2R3r3","St_2","Re_3","Ru_3"
"Samp0216","Martins","Martins_2","Martins_2R3","Martins_2R3r3","St_2","Re_3","Ru_3"
"Samp0217","Martins","Martins_3","Martins_3R1","Martins_3R1r1","St_3","Re_1","Ru_1"
"Samp0218","Martins","Martins_3","Martins_3R1","Martins_3R1r1","St_3","Re_1","Ru_1"
"Samp0219","Martins","Martins_3","Martins_3R1","Martins_3R1r1","St_3","Re_1","Ru_1"
"Samp0220","Martins","Martins_3","Martins_3R1","Martins_3R1r2","St_3","Re_1","Ru_2"
"Samp0221","Martins","Martins_3","Martins_3R1","Martins_3R1r2","St_3","Re_1","Ru_2"
"Samp0222","Martins","Martins_3","Martins_3R1","Martins_3R1r2","St_3","Re_1","Ru_2"
"Samp0223","Martins","Martins_3","Martins_3R1","Martins_3R1r3","St_3","Re_1","Ru_3"
"Samp0224","Martins","Martins_3","Martins_3R1","Martins_3R1r3","St_3","Re_1","Ru_3"
"Samp0225","Martins","Martins_3","Martins_3R1","Martins_3R1r3","St_3","Re_1","Ru_3"
"Samp0226","Martins","Martins_3","Martins_3R2","Martins_3R2r1","St_3","Re_2","Ru_1"
"Samp0227","Martins","Martins_3","Martins_3R2","Martins_3R2r1","St_3","Re_2","Ru_1"
"Samp0228","Martins","Martins_3","Martins_3R2","Martins_3R2r1","St_3","Re_2","Ru_1"
"Samp0229","Martins","Martins_3","Martins_3R2","Martins_3R2r2","St_3","Re_2","Ru_2"
"Samp0230","Martins","Martins_3","Martins_3R2","Martins_3R2r2","St_3","Re_2","Ru_2"
"Samp0231","Martins","Martins_3","Martins_3R2","Martins_3R2r2","St_3","Re_2","Ru_2"
"Samp0232","Martins","Martins_3","Martins_3R2","Martins_3R2r3","St_3","Re_2","Ru_3"
"Samp0233","Martins","Martins_3","Martins_3R2","Martins_3R2r3","St_3","Re_2","Ru_3"
"Samp0234","Martins","Martins_3","Martins_3R2","Martins_3R2r3","St_3","Re_2","Ru_3"
"Samp0235","Martins","Martins_3","Martins_3R3","Martins_3R3r1","St_3","Re_3","Ru_1"
"Samp0236","Martins","Martins_3","Martins_3R3","Martins_3R3r1","St_3","Re_3","Ru_1"
"Samp0237","Martins","Martins_3","Martins_3R3","Martins_3R3r1","St_3","Re_3","Ru_1"
"Samp0238","Martins","Martins_3","Martins_3R3","Martins_3R3r2","St_3","Re_3","Ru_2"
"Samp0239","Martins","Martins_3","Martins_3R3","Martins_3R3r2","St_3","Re_3","Ru_2"
"Samp0240","Martins","Martins_3","Martins_3R3","Martins_3R3r2","St_3","Re_3","Ru_2"
"Samp0241","Martins","Martins_3","Martins_3R3","Martins_3R3r3","St_3","Re_3","Ru_3"
"Samp0242","Martins","Martins_3","Martins_3R3","Martins_3R3r3","St_3","Re_3","Ru_3"
"Samp0243","Martins","Martins_3","Martins_3R3","Martins_3R3r3","St_3","Re_3","Ru_3"
"Samp0244","Myatt","Myatt_1","Myatt_1R1","Myatt_1R1r1","St_1","Re_1","Ru_1"
"Samp0245","Myatt","Myatt_1","Myatt_1R1","Myatt_1R1r1","St_1","Re_1","Ru_1"
"Samp0246","Myatt","Myatt_1","Myatt_1R1","Myatt_1R1r1","St_1","Re_1","Ru_1"
"Samp0247","Myatt","Myatt_1","Myatt_1R1","Myatt_1R1r2","St_1","Re_1","Ru_2"
"Samp0248","Myatt","Myatt_1","Myatt_1R1","Myatt_1R1r2","St_1","Re_1","Ru_2"
"Samp0249","Myatt","Myatt_1","Myatt_1R1","Myatt_1R1r2","St_1","Re_1","Ru_2"
"Samp0250","Myatt","Myatt_1","Myatt_1R1","Myatt_1R1r3","St_1","Re_1","Ru_3"
"Samp0251","Myatt","Myatt_1","Myatt_1R1","Myatt_1R1r3","St_1","Re_1","Ru_3"
"Samp0252","Myatt","Myatt_1","Myatt_1R1","Myatt_1R1r3","St_1","Re_1","Ru_3"
"Samp0253","Myatt","Myatt_1","Myatt_1R2","Myatt_1R2r1","St_1","Re_2","Ru_1"
"Samp0254","Myatt","Myatt_1","Myatt_1R2","Myatt_1R2r1","St_1","Re_2","Ru_1"
"Samp0255","Myatt","Myatt_1","Myatt_1R2","Myatt_1R2r1","St_1","Re_2","Ru_1"
"Samp0256","Myatt","Myatt_1","Myatt_1R2","Myatt_1R2r2","St_1","Re_2","Ru_2"
"Samp0257","Myatt","Myatt_1","Myatt_1R2","Myatt_1R2r2","St_1","Re_2","Ru_2"
"Samp0258","Myatt","Myatt_1","Myatt_1R2","Myatt_1R2r2","St_1","Re_2","Ru_2"
"Samp0259","Myatt","Myatt_1","Myatt_1R2","Myatt_1R2r3","St_1","Re_2","Ru_3"
"Samp0260","Myatt","Myatt_1","Myatt_1R2","Myatt_1R2r3","St_1","Re_2","Ru_3"
"Samp0261","Myatt","Myatt_1","Myatt_1R2","Myatt_1R2r3","St_1","Re_2","Ru_3"
"Samp0262","Myatt","Myatt_1","Myatt_1R3","Myatt_1R3r1","St_1","Re_3","Ru_1"
"Samp0263","Myatt","Myatt_1","Myatt_1R3","Myatt_1R3r1","St_1","Re_3","Ru_1"
"Samp0264","Myatt","Myatt_1","Myatt_1R3","Myatt_1R3r1","St_1","Re_3","Ru_1"
"Samp0265","Myatt","Myatt_1","Myatt_1R3","Myatt_1R3r2","St_1","Re_3","Ru_2"
"Samp0266","Myatt","Myatt_1","Myatt_1R3","Myatt_1R3r2","St_1","Re_3","Ru_2"
"Samp0267","Myatt","Myatt_1","Myatt_1R3","Myatt_1R3r2","St_1","Re_3","Ru_2"
"Samp0268","Myatt","Myatt_1","Myatt_1R3","Myatt_1R3r3","St_1","Re_3","Ru_3"
"Samp0269","Myatt","Myatt_1","Myatt_1R3","Myatt_1R3r3","St_1","Re_3","Ru_3"
"Samp0270","Myatt","Myatt_1","Myatt_1R3","Myatt_1R3r3","St_1","Re_3","Ru_3"
"Samp0271","Myatt","Myatt_2","Myatt_2R1","Myatt_2R1r1","St_2","Re_1","Ru_1"
"Samp0272","Myatt","Myatt_2","Myatt_2R1","Myatt_2R1r1","St_2","Re_1","Ru_1"
"Samp0273","Myatt","Myatt_2","Myatt_2R1","Myatt_2R1r1","St_2","Re_1","Ru_1"
"Samp0274","Myatt","Myatt_2","Myatt_2R1","Myatt_2R1r2","St_2","Re_1","Ru_2"
"Samp0275","Myatt","Myatt_2","Myatt_2R1","Myatt_2R1r2","St_2","Re_1","Ru_2"
"Samp0276","Myatt","Myatt_2","Myatt_2R1","Myatt_2R1r2","St_2","Re_1","Ru_2"
"Samp0277","Myatt","Myatt_2","Myatt_2R1","Myatt_2R1r3","St_2","Re_1","Ru_3"
"Samp0278","Myatt","Myatt_2","Myatt_2R1","Myatt_2R1r3","St_2","Re_1","Ru_3"
"Samp0279","Myatt","Myatt_2","Myatt_2R1","Myatt_2R1r3","St_2","Re_1","Ru_3"
"Samp0280","Myatt","Myatt_2","Myatt_2R2","Myatt_2R2r1","St_2","Re_2","Ru_1"
"Samp0281","Myatt","Myatt_2","Myatt_2R2","Myatt_2R2r1","St_2","Re_2","Ru_1"
"Samp0282","Myatt","Myatt_2","Myatt_2R2","Myatt_2R2r1","St_2","Re_2","Ru_1"
"Samp0283","Myatt","Myatt_2","Myatt_2R2","Myatt_2R2r2","St_2","Re_2","Ru_2"
"Samp0284","Myatt","Myatt_2","Myatt_2R2","Myatt_2R2r2","St_2","Re_2","Ru_2"
"Samp0285","Myatt","Myatt_2","Myatt_2R2","Myatt_2R2r2","St_2","Re_2","Ru_2"
"Samp0286","Myatt","Myatt_2","Myatt_2R2","Myatt_2R2r3","St_2","Re_2","Ru_3"
"Samp0287","Myatt","Myatt_2","Myatt_2R2","Myatt_2R2r3","St_2","Re_2","Ru_3"
"Samp0288","Myatt","Myatt_2","Myatt_2R2","Myatt_2R2r3","St_2","Re_2","Ru_3"
"Samp0289","Myatt","Myatt_2","Myatt_2R3","Myatt_2R3r1","St_2","Re_3","Ru_1"
"Samp0290","Myatt","Myatt_2","Myatt_2R3","Myatt_2R3r1","St_2","Re_3","Ru_1"
"Samp0291","Myatt","Myatt_2","Myatt_2R3","Myatt_2R3r1","St_2","Re_3","Ru_1"
"Samp0292","Myatt","Myatt_2","Myatt_2R3","Myatt_2R3r2","St_2","Re_3","Ru_2"
"Samp0293","Myatt","Myatt_2","Myatt_2R3","Myatt_2R3r2","St_2","Re_3","Ru_2"
"Samp0294","Myatt","Myatt_2","Myatt_2R3","Myatt_2R3r2","St_2","Re_3","Ru_2"
"Samp0295","Myatt","Myatt_2","Myatt_2R3","Myatt_2R3r3","St_2","Re_3","Ru_3"
"Samp0296","Myatt","Myatt_2","Myatt_2R3","Myatt_2R3r3","St_2","Re_3","Ru_3"
"Samp0297","Myatt","Myatt_2","Myatt_2R3","Myatt_2R3r3","St_2","Re_3","Ru_3"
"Samp0298","Myatt","Myatt_3","Myatt_3R1","Myatt_3R1r1","St_3","Re_1","Ru_1"
"Samp0299","Myatt","Myatt_3","Myatt_3R1","Myatt_3R1r1","St_3","Re_1","Ru_1"
"Samp0300","Myatt","Myatt_3","Myatt_3R1","Myatt_3R1r1","St_3","Re_1","Ru_1"
"Samp0301","Myatt","Myatt_3","Myatt_3R1","Myatt_3R1r2","St_3","Re_1","Ru_2"
"Samp0302","Myatt","Myatt_3","Myatt_3R1","Myatt_3R1r2","St_3","Re_1","Ru_2"
"Samp0303","Myatt","Myatt_3","Myatt_3R1","Myatt_3R1r2","St_3","Re_1","Ru_2"
"Samp0304","Myatt","Myatt_3","Myatt_3R1","Myatt_3R1r3","St_3","Re_1","Ru_3"
"Samp0305","Myatt","Myatt_3","Myatt_3R1","Myatt_3R1r3","St_3","Re_1","Ru_3"
"Samp0306","Myatt","Myatt_3","Myatt_3R1","Myatt_3R1r3","St_3","Re_1","Ru_3"
"Samp0307","Myatt","Myatt_3","Myatt_3R2","Myatt_3R2r1","St_3","Re_2","Ru_1"
"Samp0308","Myatt","Myatt_3","Myatt_3R2","Myatt_3R2r1","St_3","Re_2","Ru_1"
"Samp0309","Myatt","Myatt_3","Myatt_3R2","Myatt_3R2r1","St_3","Re_2","Ru_1"
"Samp0310","Myatt","Myatt_3","Myatt_3R2","Myatt_3R2r2","St_3","Re_2","Ru_2"
"Samp0311","Myatt","Myatt_3","Myatt_3R2","Myatt_3R2r2","St_3","Re_2","Ru_2"
"Samp0312","Myatt","Myatt_3","Myatt_3R2","Myatt_3R2r2","St_3","Re_2","Ru_2"
"Samp0313","Myatt","Myatt_3","Myatt_3R2","Myatt_3R2r3","St_3","Re_2","Ru_3"
"Samp0314","Myatt","Myatt_3","Myatt_3R2","Myatt_3R2r3","St_3","Re_2","Ru_3"
"Samp0315","Myatt","Myatt_3","Myatt_3R2","Myatt_3R2r3","St_3","Re_2","Ru_3"
"Samp0316","Myatt","Myatt_3","Myatt_3R3","Myatt_3R3r1","St_3","Re_3","Ru_1"
"Samp0317","Myatt","Myatt_3","Myatt_3R3","Myatt_3R3r1","St_3","Re_3","Ru_1"
"Samp0318","Myatt","Myatt_3","Myatt_3R3","Myatt_3R3r1","St_3","Re_3","Ru_1"
"Samp0319","Myatt","Myatt_3","Myatt_3R3","Myatt_3R3r2","St_3","Re_3","Ru_2"
"Samp0320","Myatt","Myatt_3","Myatt_3R3","Myatt_3R3r2","St_3","Re_3","Ru_2"
"Samp0321","Myatt","Myatt_3","Myatt_3R3","Myatt_3R3r2","St_3","Re_3","Ru_2"
"Samp0322","Myatt","Myatt_3","Myatt_3R3","Myatt_3R3r3","St_3","Re_3","Ru_3"
"Samp0323","Myatt","Myatt_3","Myatt_3R3","Myatt_3R3r3","St_3","Re_3","Ru_3"
"Samp0324","Myatt","Myatt_3","Myatt_3R3","Myatt_3R3r3","St_3","Re_3","Ru_3"
"Samp0325","Pinehill","Pinehill_3","Pinehill_3R1","Pinehill_3R1r1","St_3","Re_1","Ru_1"
"Samp0326","Pinehill","Pinehill_3","Pinehill_3R1","Pinehill_3R1r1","St_3","Re_1","Ru_1"
"Samp0327","Pinehill","Pinehill_3","Pinehill_3R1","Pinehill_3R1r1","St_3","Re_1","Ru_1"
"Samp0328","Pinehill","Pinehill_3","Pinehill_3R1","Pinehill_3R1r2","St_3","Re_1","Ru_2"
"Samp0329","Pinehill","Pinehill_3","Pinehill_3R1","Pinehill_3R1r2","St_3","Re_1","Ru_2"
"Samp0330","Pinehill","Pinehill_3","Pinehill_3R1","Pinehill_3R1r2","St_3","Re_1","Ru_2"
"Samp0331","Pinehill","Pinehill_3","Pinehill_3R1","Pinehill_3R1r3","St_3","Re_1","Ru_3"
"Samp0332","Pinehill","Pinehill_3","Pinehill_3R1","Pinehill_3R1r3","St_3","Re_1","Ru_3"
"Samp0333","Pinehill","Pinehill_3","Pinehill_3R1","Pinehill_3R1r3","St_3","Re_1","Ru_3"
"Samp0334","Pinehill","Pinehill_3","Pinehill_3R2","Pinehill_3R2r1","St_3","Re_2","Ru_1"
"Samp0335","Pinehill","Pinehill_3","Pinehill_3R2","Pinehill_3R2r1","St_3","Re_2","Ru_1"
"Samp0336","Pinehill","Pinehill_3","Pinehill_3R2","Pinehill_3R2r1","St_3","Re_2","Ru_1"
"Samp0337","Pinehill","Pinehill_3","Pinehill_3R2","Pinehill_3R2r2","St_3","Re_2","Ru_2"
"Samp0338","Pinehill","Pinehill_3","Pinehill_3R2","Pinehill_3R2r2","St_3","Re_2","Ru_2"
"Samp0339","Pinehill","Pinehill_3","Pinehill_3R2","Pinehill_3R2r2","St_3","Re_2","Ru_2"
"Samp0340","Pinehill","Pinehill_3","Pinehill_3R2","Pinehill_3R2r3","St_3","Re_2","Ru_3"
"Samp0341","Pinehill","Pinehill_3","Pinehill_3R2","Pinehill_3R2r3","St_3","Re_2","Ru_3"
"Samp0342","Pinehill","Pinehill_3","Pinehill_3R2","Pinehill_3R2r3","St_3","Re_2","Ru_3"
"Samp0343","Pinehill","Pinehill_3","Pinehill_3R3","Pinehill_3R3r1","St_3","Re_3","Ru_1"
"Samp0344","Pinehill","Pinehill_3","Pinehill_3R3","Pinehill_3R3r1","St_3","Re_3","Ru_1"
"Samp0345","Pinehill","Pinehill_3","Pinehill_3R3","Pinehill_3R3r1","St_3","Re_3","Ru_1"
"Samp0346","Pinehill","Pinehill_3","Pinehill_3R3","Pinehill_3R3r2","St_3","Re_3","Ru_2"
"Samp0347","Pinehill","Pinehill_3","Pinehill_3R3","Pinehill_3R3r2","St_3","Re_3","Ru_2"
"Samp0348","Pinehill","Pinehill_3","Pinehill_3R3","Pinehill_3R3r2","St_3","Re_3","Ru_2"
"Samp0349","Pinehill","Pinehill_3","Pinehill_3R3","Pinehill_3R3r3","St_3","Re_3","Ru_3"
"Samp0350","Pinehill","Pinehill_3","Pinehill_3R3","Pinehill_3R3r3","St_3","Re_3","Ru_3"
"Samp0351","Pinehill","Pinehill_3","Pinehill_3R3","Pinehill_3R3r3","St_3","Re_3","Ru_3"
"Samp0352","Pinehill","Pinehill_2","Pinehill_2R1","Pinehill_2R1r1","St_2","Re_1","Ru_1"
"Samp0353","Pinehill","Pinehill_2","Pinehill_2R1","Pinehill_2R1r1","St_2","Re_1","Ru_1"
"Samp0354","Pinehill","Pinehill_2","Pinehill_2R1","Pinehill_2R1r1","St_2","Re_1","Ru_1"
"Samp0355","Pinehill","Pinehill_2","Pinehill_2R1","Pinehill_2R1r2","St_2","Re_1","Ru_2"
"Samp0356","Pinehill","Pinehill_2","Pinehill_2R1","Pinehill_2R1r2","St_2","Re_1","Ru_2"
"Samp0357","Pinehill","Pinehill_2","Pinehill_2R1","Pinehill_2R1r2","St_2","Re_1","Ru_2"
"Samp0358","Pinehill","Pinehill_2","Pinehill_2R1","Pinehill_2R1r3","St_2","Re_1","Ru_3"
"Samp0359","Pinehill","Pinehill_2","Pinehill_2R1","Pinehill_2R1r3","St_2","Re_1","Ru_3"
"Samp0360","Pinehill","Pinehill_2","Pinehill_2R1","Pinehill_2R1r3","St_2","Re_1","Ru_3"
"Samp0361","Pinehill","Pinehill_2","Pinehill_2R2","Pinehill_2R2r1","St_2","Re_2","Ru_1"
"Samp0362","Pinehill","Pinehill_2","Pinehill_2R2","Pinehill_2R2r1","St_2","Re_2","Ru_1"
"Samp0363","Pinehill","Pinehill_2","Pinehill_2R2","Pinehill_2R2r1","St_2","Re_2","Ru_1"
"Samp0364","Pinehill","Pinehill_2","Pinehill_2R2","Pinehill_2R2r2","St_2","Re_2","Ru_2"
"Samp0365","Pinehill","Pinehill_2","Pinehill_2R2","Pinehill_2R2r2","St_2","Re_2","Ru_2"
"Samp0366","Pinehill","Pinehill_2","Pinehill_2R2","Pinehill_2R2r2","St_2","Re_2","Ru_2"
"Samp0367","Pinehill","Pinehill_2","Pinehill_2R2","Pinehill_2R2r3","St_2","Re_2","Ru_3"
"Samp0368","Pinehill","Pinehill_2","Pinehill_2R2","Pinehill_2R2r3","St_2","Re_2","Ru_3"
"Samp0369","Pinehill","Pinehill_2","Pinehill_2R2","Pinehill_2R2r3","St_2","Re_2","Ru_3"
"Samp0370","Pinehill","Pinehill_2","Pinehill_2R3","Pinehill_2R3r1","St_2","Re_3","Ru_1"
"Samp0371","Pinehill","Pinehill_2","Pinehill_2R3","Pinehill_2R3r1","St_2","Re_3","Ru_1"
"Samp0372","Pinehill","Pinehill_2","Pinehill_2R3","Pinehill_2R3r1","St_2","Re_3","Ru_1"
"Samp0373","Pinehill","Pinehill_2","Pinehill_2R3","Pinehill_2R3r2","St_2","Re_3","Ru_2"
"Samp0374","Pinehill","Pinehill_2","Pinehill_2R3","Pinehill_2R3r2","St_2","Re_3","Ru_2"
"Samp0375","Pinehill","Pinehill_2","Pinehill_2R3","Pinehill_2R3r2","St_2","Re_3","Ru_2"
"Samp0376","Pinehill","Pinehill_2","Pinehill_2R3","Pinehill_2R3r3","St_2","Re_3","Ru_3"
"Samp0377","Pinehill","Pinehill_2","Pinehill_2R3","Pinehill_2R3r3","St_2","Re_3","Ru_3"
"Samp0378","Pinehill","Pinehill_2","Pinehill_2R3","Pinehill_2R3r3","St_2","Re_3","Ru_3"
"Samp0379","Pinehill","Pinehill_1","Pinehill_1R1","Pinehill_1R1r1","St_1","Re_1","Ru_1"
"Samp0380","Pinehill","Pinehill_1","Pinehill_1R1","Pinehill_1R1r1","St_1","Re_1","Ru_1"
"Samp0381","Pinehill","Pinehill_1","Pinehill_1R1","Pinehill_1R1r1","St_1","Re_1","Ru_1"
"Samp0382","Pinehill","Pinehill_1","Pinehill_1R1","Pinehill_1R1r2","St_1","Re_1","Ru_2"
"Samp0383","Pinehill","Pinehill_1","Pinehill_1R1","Pinehill_1R1r2","St_1","Re_1","Ru_2"
"Samp0384","Pinehill","Pinehill_1","Pinehill_1R1","Pinehill_1R1r2","St_1","Re_1","Ru_2"
"Samp0385","Pinehill","Pinehill_1","Pinehill_1R1","Pinehill_1R1r3","St_1","Re_1","Ru_3"
"Samp0386","Pinehill","Pinehill_1","Pinehill_1R1","Pinehill_1R1r3","St_1","Re_1","Ru_3"
"Samp0387","Pinehill","Pinehill_1","Pinehill_1R1","Pinehill_1R1r3","St_1","Re_1","Ru_3"
"Samp0388","Pinehill","Pinehill_1","Pinehill_1R2","Pinehill_1R2r1","St_1","Re_2","Ru_1"
"Samp0389","Pinehill","Pinehill_1","Pinehill_1R2","Pinehill_1R2r1","St_1","Re_2","Ru_1"
"Samp0390","Pinehill","Pinehill_1","Pinehill_1R2","Pinehill_1R2r1","St_1","Re_2","Ru_1"
"Samp0391","Pinehill","Pinehill_1","Pinehill_1R2","Pinehill_1R2r2","St_1","Re_2","Ru_2"
"Samp0392","Pinehill","Pinehill_1","Pinehill_1R2","Pinehill_1R2r2","St_1","Re_2","Ru_2"
"Samp0393","Pinehill","Pinehill_1","Pinehill_1R2","Pinehill_1R2r2","St_1","Re_2","Ru_2"
"Samp0394","Pinehill","Pinehill_1","Pinehill_1R2","Pinehill_1R2r3","St_1","Re_2","Ru_3"
"Samp0395","Pinehill","Pinehill_1","Pinehill_1R2","Pinehill_1R2r3","St_1","Re_2","Ru_3"
"Samp0396","Pinehill","Pinehill_1","Pinehill_1R2","Pinehill_1R2r3","St_1","Re_2","Ru_3"
"Samp0397","Pinehill","Pinehill_1","Pinehill_1R3","Pinehill_1R3r1","St_1","Re_3","Ru_1"
"Samp0398","Pinehill","Pinehill_1","Pinehill_1R3","Pinehill_1R3r1","St_1","Re_3","Ru_1"
"Samp0399","Pinehill","Pinehill_1","Pinehill_1R3","Pinehill_1R3r1","St_1","Re_3","Ru_1"
"Samp0400","Pinehill","Pinehill_1","Pinehill_1R3","Pinehill_1R3r2","St_1","Re_3","Ru_2"
"Samp0401","Pinehill","Pinehill_1","Pinehill_1R3","Pinehill_1R3r2","St_1","Re_3","Ru_2"
"Samp0402","Pinehill","Pinehill_1","Pinehill_1R3","Pinehill_1R3r2","St_1","Re_3","Ru_2"
"Samp0403","Pinehill","Pinehill_1","Pinehill_1R3","Pinehill_1R3r3","St_1","Re_3","Ru_3"
"Samp0404","Pinehill","Pinehill_1","Pinehill_1R3","Pinehill_1R3r3","St_1","Re_3","Ru_3"
"Samp0405","Pinehill","Pinehill_1","Pinehill_1R3","Pinehill_1R3r3","St_1","Re_3","Ru_3"
"Samp0406","WarmFork","WarmFork_1","WarmFork_1R1","WarmFork_1R1r1","St_1","Re_1","Ru_1"
"Samp0407","WarmFork","WarmFork_1","WarmFork_1R1","WarmFork_1R1r1","St_1","Re_1","Ru_1"
"Samp0408","WarmFork","WarmFork_1","WarmFork_1R1","WarmFork_1R1r1","St_1","Re_1","Ru_1"
"Samp0409","WarmFork","WarmFork_1","WarmFork_1R1","WarmFork_1R1r2","St_1","Re_1","Ru_2"
"Samp0410","WarmFork","WarmFork_1","WarmFork_1R1","WarmFork_1R1r2","St_1","Re_1","Ru_2"
"Samp0411","WarmFork","WarmFork_1","WarmFork_1R1","WarmFork_1R1r2","St_1","Re_1","Ru_2"
"Samp0412","WarmFork","WarmFork_1","WarmFork_1R1","WarmFork_1R1r3","St_1","Re_1","Ru_3"
"Samp0413","WarmFork","WarmFork_1","WarmFork_1R1","WarmFork_1R1r3","St_1","Re_1","Ru_3"
"Samp0414","WarmFork","WarmFork_1","WarmFork_1R1","WarmFork_1R1r3","St_1","Re_1","Ru_3"
"Samp0415","WarmFork","WarmFork_1","WarmFork_1R2","WarmFork_1R2r1","St_1","Re_2","Ru_1"
"Samp0416","WarmFork","WarmFork_1","WarmFork_1R2","WarmFork_1R2r1","St_1","Re_2","Ru_1"
"Samp0417","WarmFork","WarmFork_1","WarmFork_1R2","WarmFork_1R2r1","St_1","Re_2","Ru_1"
"Samp0418","WarmFork","WarmFork_1","WarmFork_1R2","WarmFork_1R2r2","St_1","Re_2","Ru_2"
"Samp0419","WarmFork","WarmFork_1","WarmFork_1R2","WarmFork_1R2r2","St_1","Re_2","Ru_2"
"Samp0420","WarmFork","WarmFork_1","WarmFork_1R2","WarmFork_1R2r2","St_1","Re_2","Ru_2"
"Samp0421","WarmFork","WarmFork_1","WarmFork_1R2","WarmFork_1R2r3","St_1","Re_2","Ru_3"
"Samp0422","WarmFork","WarmFork_1","WarmFork_1R2","WarmFork_1R2r3","St_1","Re_2","Ru_3"
"Samp0423","WarmFork","WarmFork_1","WarmFork_1R2","WarmFork_1R2r3","St_1","Re_2","Ru_3"
"Samp0424","WarmFork","WarmFork_1","WarmFork_1R3","WarmFork_1R3r1","St_1","Re_3","Ru_1"
"Samp0425","WarmFork","WarmFork_1","WarmFork_1R3","WarmFork_1R3r1","St_1","Re_3","Ru_1"
"Samp0426","WarmFork","WarmFork_1","WarmFork_1R3","WarmFork_1R3r1","St_1","Re_3","Ru_1"
"Samp0427","WarmFork","WarmFork_1","WarmFork_1R3","WarmFork_1R3r2","St_1","Re_3","Ru_2"
"Samp0428","WarmFork","WarmFork_1","WarmFork_1R3","WarmFork_1R3r2","St_1","Re_3","Ru_2"
"Samp0429","WarmFork","WarmFork_1","WarmFork_1R3","WarmFork_1R3r2","St_1","Re_3","Ru_2"
"Samp0430","WarmFork","WarmFork_1","WarmFork_1R3","WarmFork_1R3r3","St_1","Re_3","Ru_3"
"Samp0431","WarmFork","WarmFork_1","WarmFork_1R3","WarmFork_1R3r3","St_1","Re_3","Ru_3"
"Samp0432","WarmFork","WarmFork_1","WarmFork_1R3","WarmFork_1R3r3","St_1","Re_3","Ru_3"
"Samp0433","WarmFork","WarmFork_2","WarmFork_2R1","WarmFork_2R1r1","St_2","Re_1","Ru_1"
"Samp0434","WarmFork","WarmFork_2","WarmFork_2R1","WarmFork_2R1r1","St_2","Re_1","Ru_1"
"Samp0435","WarmFork","WarmFork_2","WarmFork_2R1","WarmFork_2R1r1","St_2","Re_1","Ru_1"
"Samp0436","WarmFork","WarmFork_2","WarmFork_2R1","WarmFork_2R1r2","St_2","Re_1","Ru_2"
"Samp0437","WarmFork","WarmFork_2","WarmFork_2R1","WarmFork_2R1r2","St_2","Re_1","Ru_2"
"Samp0438","WarmFork","WarmFork_2","WarmFork_2R1","WarmFork_2R1r2","St_2","Re_1","Ru_2"
"Samp0439","WarmFork","WarmFork_2","WarmFork_2R1","WarmFork_2R1r3","St_2","Re_1","Ru_3"
"Samp0440","WarmFork","WarmFork_2","WarmFork_2R1","WarmFork_2R1r3","St_2","Re_1","Ru_3"
"Samp0441","WarmFork","WarmFork_2","WarmFork_2R1","WarmFork_2R1r3","St_2","Re_1","Ru_3"
"Samp0442","WarmFork","WarmFork_2","WarmFork_2R2","WarmFork_2R2r1","St_2","Re_2","Ru_1"
"Samp0443","WarmFork","WarmFork_2","WarmFork_2R2","WarmFork_2R2r1","St_2","Re_2","Ru_1"
"Samp0444","WarmFork","WarmFork_2","WarmFork_2R2","WarmFork_2R2r1","St_2","Re_2","Ru_1"
"Samp0445","WarmFork","WarmFork_2","WarmFork_2R2","WarmFork_2R2r2","St_2","Re_2","Ru_2"
"Samp0446","WarmFork","WarmFork_2","WarmFork_2R2","WarmFork_2R2r2","St_2","Re_2","Ru_2"
"Samp0447","WarmFork","WarmFork_2","WarmFork_2R2","WarmFork_2R2r2","St_2","Re_2","Ru_2"
"Samp0448","WarmFork","WarmFork_2","WarmFork_2R2","WarmFork_2R2r3","St_2","Re_2","Ru_3"
"Samp0449","WarmFork","WarmFork_2","WarmFork_2R2","WarmFork_2R2r3","St_2","Re_2","Ru_3"
"Samp0450","WarmFork","WarmFork_2","WarmFork_2R2","WarmFork_2R2r3","St_2","Re_2","Ru_3"
"Samp0451","WarmFork","WarmFork_2","WarmFork_2R3","WarmFork_2R3r1","St_2","Re_3","Ru_1"
"Samp0452","WarmFork","WarmFork_2","WarmFork_2R3","WarmFork_2R3r1","St_2","Re_3","Ru_1"
"Samp0453","WarmFork","WarmFork_2","WarmFork_2R3","WarmFork_2R3r1","St_2","Re_3","Ru_1"
"Samp0454","WarmFork","WarmFork_2","WarmFork_2R3","WarmFork_2R3r2","St_2","Re_3","Ru_2"
"Samp0455","WarmFork","WarmFork_2","WarmFork_2R3","WarmFork_2R3r2","St_2","Re_3","Ru_2"
"Samp0456","WarmFork","WarmFork_2","WarmFork_2R3","WarmFork_2R3r2","St_2","Re_3","Ru_2"
"Samp0457","WarmFork","WarmFork_2","WarmFork_2R3","WarmFork_2R3r3","St_2","Re_3","Ru_3"
"Samp0458","WarmFork","WarmFork_2","WarmFork_2R3","WarmFork_2R3r3","St_2","Re_3","Ru_3"
"Samp0459","WarmFork","WarmFork_2","WarmFork_2R3","WarmFork_2R3r3","St_2","Re_3","Ru_3"
"Samp0460","WarmFork","WarmFork_3","WarmFork_3R1","WarmFork_3R1r1","St_3","Re_1","Ru_1"
"Samp0461","WarmFork","WarmFork_3","WarmFork_3R1","WarmFork_3R1r1","St_3","Re_1","Ru_1"
"Samp0462","WarmFork","WarmFork_3","WarmFork_3R1","WarmFork_3R1r1","St_3","Re_1","Ru_1"
"Samp0463","WarmFork","WarmFork_3","WarmFork_3R1","WarmFork_3R1r2","St_3","Re_1","Ru_2"
"Samp0464","WarmFork","WarmFork_3","WarmFork_3R1","WarmFork_3R1r2","St_3","Re_1","Ru_2"
"Samp0465","WarmFork","WarmFork_3","WarmFork_3R1","WarmFork_3R1r2","St_3","Re_1","Ru_2"
"Samp0466","WarmFork","WarmFork_3","WarmFork_3R1","WarmFork_3R1r3","St_3","Re_1","Ru_3"
"Samp0467","WarmFork","WarmFork_3","WarmFork_3R1","WarmFork_3R1r3","St_3","Re_1","Ru_3"
"Samp0468","WarmFork","WarmFork_3","WarmFork_3R1","WarmFork_3R1r3","St_3","Re_1","Ru_3"
"Samp0469","WarmFork","WarmFork_3","WarmFork_3R2","WarmFork_3R2r1","St_3","Re_2","Ru_1"
"Samp0470","WarmFork","WarmFork_3","WarmFork_3R2","WarmFork_3R2r1","St_3","Re_2","Ru_1"
"Samp0471","WarmFork","WarmFork_3","WarmFork_3R2","WarmFork_3R2r1","St_3","Re_2","Ru_1"
"Samp0472","WarmFork","WarmFork_3","WarmFork_3R2","WarmFork_3R2r2","St_3","Re_2","Ru_2"
"Samp0473","WarmFork","WarmFork_3","WarmFork_3R2","WarmFork_3R2r2","St_3","Re_2","Ru_2"
"Samp0474","WarmFork","WarmFork_3","WarmFork_3R2","WarmFork_3R2r2","St_3","Re_2","Ru_2"
"Samp0475","WarmFork","WarmFork_3","WarmFork_3R2","WarmFork_3R2r3","St_3","Re_2","Ru_3"
"Samp0476","WarmFork","WarmFork_3","WarmFork_3R2","WarmFork_3R2r3","St_3","Re_2","Ru_3"
"Samp0477","WarmFork","WarmFork_3","WarmFork_3R2","WarmFork_3R2r3","St_3","Re_2","Ru_3"
"Samp0478","WarmFork","WarmFork_3","WarmFork_3R3","WarmFork_3R3r1","St_3","Re_3","Ru_1"
"Samp0479","WarmFork","WarmFork_3","WarmFork_3R3","WarmFork_3R3r1","St_3","Re_3","Ru_1"
"Samp0480","WarmFork","WarmFork_3","WarmFork_3R3","WarmFork_3R3r1","St_3","Re_3","Ru_1"
"Samp0481","WarmFork","WarmFork_3","WarmFork_3R3","WarmFork_3R3r2","St_3","Re_3","Ru_2"
"Samp0482","WarmFork","WarmFork_3","WarmFork_3R3","WarmFork_3R3r2","St_3","Re_3","Ru_2"
"Samp0483","WarmFork","WarmFork_3","WarmFork_3R3","WarmFork_3R3r2","St_3","Re_3","Ru_2"
"Samp0484","WarmFork","WarmFork_3","WarmFork_3R3","WarmFork_3R3r3","St_3","Re_3","Ru_3"
"Samp0485","WarmFork","WarmFork_3","WarmFork_3R3","WarmFork_3R3r3","St_3","Re_3","Ru_3"
"Samp0486","WarmFork","WarmFork_3","WarmFork_3R3","WarmFork_3R3r3","St_3","Re_3","Ru_3"
"Samp0487","WestFork","WestFork_1","WestFork_1R1","WestFork_1R1r1","St_1","Re_1","Ru_1"
"Samp0488","WestFork","WestFork_1","WestFork_1R1","WestFork_1R1r1","St_1","Re_1","Ru_1"
"Samp0489","WestFork","WestFork_1","WestFork_1R1","WestFork_1R1r1","St_1","Re_1","Ru_1"
"Samp0490","WestFork","WestFork_1","WestFork_1R1","WestFork_1R1r2","St_1","Re_1","Ru_2"
"Samp0491","WestFork","WestFork_1","WestFork_1R1","WestFork_1R1r2","St_1","Re_1","Ru_2"
"Samp0492","WestFork","WestFork_1","WestFork_1R1","WestFork_1R1r2","St_1","Re_1","Ru_2"
"Samp0493","WestFork","WestFork_1","WestFork_1R1","WestFork_1R1r3","St_1","Re_1","Ru_3"
"Samp0494","WestFork","WestFork_1","WestFork_1R1","WestFork_1R1r3","St_1","Re_1","Ru_3"
"Samp0495","WestFork","WestFork_1","WestFork_1R1","WestFork_1R1r3","St_1","Re_1","Ru_3"
"Samp0496","WestFork","WestFork_1","WestFork_1R2","WestFork_1R2r1","St_1","Re_2","Ru_1"
"Samp0497","WestFork","WestFork_1","WestFork_1R2","WestFork_1R2r1","St_1","Re_2","Ru_1"
"Samp0498","WestFork","WestFork_1","WestFork_1R2","WestFork_1R2r1","St_1","Re_2","Ru_1"
"Samp0499","WestFork","WestFork_1","WestFork_1R2","WestFork_1R2r2","St_1","Re_2","Ru_2"
"Samp0500","WestFork","WestFork_1","WestFork_1R2","WestFork_1R2r2","St_1","Re_2","Ru_2"
"Samp0501","WestFork","WestFork_1","WestFork_1R2","WestFork_1R2r2","St_1","Re_2","Ru_2"
"Samp0502","WestFork","WestFork_1","WestFork_1R2","WestFork_1R2r3","St_1","Re_2","Ru_3"
"Samp0503","WestFork","WestFork_1","WestFork_1R2","WestFork_1R2r3","St_1","Re_2","Ru_3"
"Samp0504","WestFork","WestFork_1","WestFork_1R2","WestFork_1R2r3","St_1","Re_2","Ru_3"
"Samp0505","WestFork","WestFork_1","WestFork_1R3","WestFork_1R3r1","St_1","Re_3","Ru_1"
"Samp0506","WestFork","WestFork_1","WestFork_1R3","WestFork_1R3r1","St_1","Re_3","Ru_1"
"Samp0507","WestFork","WestFork_1","WestFork_1R3","WestFork_1R3r1","St_1","Re_3","Ru_1"
"Samp0508","WestFork","WestFork_1","WestFork_1R3","WestFork_1R3r2","St_1","Re_3","Ru_2"
"Samp0509","WestFork","WestFork_1","WestFork_1R3","WestFork_1R3r2","St_1","Re_3","Ru_2"
"Samp0510","WestFork","WestFork_1","WestFork_1R3","WestFork_1R3r2","St_1","Re_3","Ru_2"
"Samp0511","WestFork","WestFork_1","WestFork_1R3","WestFork_1R3r3","St_1","Re_3","Ru_3"
"Samp0512","WestFork","WestFork_1","WestFork_1R3","WestFork_1R3r3","St_1","Re_3","Ru_3"
"Samp0513","WestFork","WestFork_1","WestFork_1R3","WestFork_1R3r3","St_1","Re_3","Ru_3"
"Samp0514","WestFork","WestFork_2","WestFork_2R1","WestFork_2R1r1","St_2","Re_1","Ru_1"
"Samp0515","WestFork","WestFork_2","WestFork_2R1","WestFork_2R1r1","St_2","Re_1","Ru_1"
"Samp0516","WestFork","WestFork_2","WestFork_2R1","WestFork_2R1r1","St_2","Re_1","Ru_1"
"Samp0517","WestFork","WestFork_2","WestFork_2R1","WestFork_2R1r2","St_2","Re_1","Ru_2"
"Samp0518","WestFork","WestFork_2","WestFork_2R1","WestFork_2R1r2","St_2","Re_1","Ru_2"
"Samp0519","WestFork","WestFork_2","WestFork_2R1","WestFork_2R1r2","St_2","Re_1","Ru_2"
"Samp0520","WestFork","WestFork_2","WestFork_2R1","WestFork_2R1r3","St_2","Re_1","Ru_3"
"Samp0521","WestFork","WestFork_2","WestFork_2R1","WestFork_2R1r3","St_2","Re_1","Ru_3"
"Samp0522","WestFork","WestFork_2","WestFork_2R1","WestFork_2R1r3","St_2","Re_1","Ru_3"
"Samp0523","WestFork","WestFork_2","WestFork_2R2","WestFork_2R2r1","St_2","Re_2","Ru_1"
"Samp0524","WestFork","WestFork_2","WestFork_2R2","WestFork_2R2r1","St_2","Re_2","Ru_1"
"Samp0525","WestFork","WestFork_2","WestFork_2R2","WestFork_2R2r1","St_2","Re_2","Ru_1"
"Samp0526","WestFork","WestFork_2","WestFork_2R2","WestFork_2R2r2","St_2","Re_2","Ru_2"
"Samp0527","WestFork","WestFork_2","WestFork_2R2","WestFork_2R2r2","St_2","Re_2","Ru_2"
"Samp0528","WestFork","WestFork_2","WestFork_2R2","WestFork_2R2r2","St_2","Re_2","Ru_2"
"Samp0529","WestFork","WestFork_2","WestFork_2R2","WestFork_2R2r3","St_2","Re_2","Ru_3"
"Samp0530","WestFork","WestFork_2","WestFork_2R2","WestFork_2R2r3","St_2","Re_2","Ru_3"
"Samp0531","WestFork","WestFork_2","WestFork_2R2","WestFork_2R2r3","St_2","Re_2","Ru_3"
"Samp0532","WestFork","WestFork_2","WestFork_2R3","WestFork_2R3r1","St_2","Re_3","Ru_1"
"Samp0533","WestFork","WestFork_2","WestFork_2R3","WestFork_2R3r1","St_2","Re_3","Ru_1"
"Samp0534","WestFork","WestFork_2","WestFork_2R3","WestFork_2R3r1","St_2","Re_3","Ru_1"
"Samp0535","WestFork","WestFork_2","WestFork_2R3","WestFork_2R3r2","St_2","Re_3","Ru_2"
"Samp0536","WestFork","WestFork_2","WestFork_2R3","WestFork_2R3r2","St_2","Re_3","Ru_2"
"Samp0537","WestFork","WestFork_2","WestFork_2R3","WestFork_2R3r2","St_2","Re_3","Ru_2"
"Samp0538","WestFork","WestFork_2","WestFork_2R3","WestFork_2R3r3","St_2","Re_3","Ru_3"
"Samp0539","WestFork","WestFork_2","WestFork_2R3","WestFork_2R3r3","St_2","Re_3","Ru_3"
"Samp0540","WestFork","WestFork_2","WestFork_2R3","WestFork_2R3r3","St_2","Re_3","Ru_3"
"Samp0541","WestFork","WestFork_3","WestFork_3R1","WestFork_3R1r1","St_3","Re_1","Ru_1"
"Samp0542","WestFork","WestFork_3","WestFork_3R1","WestFork_3R1r1","St_3","Re_1","Ru_1"
"Samp0543","WestFork","WestFork_3","WestFork_3R1","WestFork_3R1r1","St_3","Re_1","Ru_1"
"Samp0544","WestFork","WestFork_3","WestFork_3R1","WestFork_3R1r2","St_3","Re_1","Ru_2"
"Samp0545","WestFork","WestFork_3","WestFork_3R1","WestFork_3R1r2","St_3","Re_1","Ru_2"
"Samp0546","WestFork","WestFork_3","WestFork_3R1","WestFork_3R1r2","St_3","Re_1","Ru_2"
"Samp0547","WestFork","WestFork_3","WestFork_3R1","WestFork_3R1r3","St_3","Re_1","Ru_3"
"Samp0548","WestFork","WestFork_3","WestFork_3R1","WestFork_3R1r3","St_3","Re_1","Ru_3"
"Samp0549","WestFork","WestFork_3","WestFork_3R1","WestFork_3R1r3","St_3","Re_1","Ru_3"
"Samp0550","WestFork","WestFork_3","WestFork_3R2","WestFork_3R2r1","St_3","Re_2","Ru_1"
"Samp0551","WestFork","WestFork_3","WestFork_3R2","WestFork_3R2r1","St_3","Re_2","Ru_1"
"Samp0552","WestFork","WestFork_3","WestFork_3R2","WestFork_3R2r1","St_3","Re_2","Ru_1"
"Samp0553","WestFork","WestFork_3","WestFork_3R2","WestFork_3R2r2","St_3","Re_2","Ru_2"
"Samp0554","WestFork","WestFork_3","WestFork_3R2","WestFork_3R2r2","St_3","Re_2","Ru_2"
"Samp0555","WestFork","WestFork_3","WestFork_3R2","WestFork_3R2r2","St_3","Re_2","Ru_2"
"Samp0556","WestFork","WestFork_3","WestFork_3R2","WestFork_3R2r3","St_3","Re_2","Ru_3"
"Samp0557","WestFork","WestFork_3","WestFork_3R2","WestFork_3R2r3","St_3","Re_2","Ru_3"
"Samp0558","WestFork","WestFork_3","WestFork_3R2","WestFork_3R2r3","St_3","Re_2","Ru_3"
"Samp0559","WestFork","WestFork_3","WestFork_3R3","WestFork_3R3r1","St_3","Re_3","Ru_1"
"Samp0560","WestFork","WestFork_3","WestFork_3R3","WestFork_3R3r1","St_3","Re_3","Ru_1"
"Samp0561","WestFork","WestFork_3","WestFork_3R3","WestFork_3R3r1","St_3","Re_3","Ru_1"
"Samp0562","WestFork","WestFork_3","WestFork_3R3","WestFork_3R3r2","St_3","Re_3","Ru_2"
"Samp0563","WestFork","WestFork_3","WestFork_3R3","WestFork_3R3r2","St_3","Re_3","Ru_2"
"Samp0564","WestFork","WestFork_3","WestFork_3R3","WestFork_3R3r2","St_3","Re_3","Ru_2"
"Samp0565","WestFork","WestFork_3","WestFork_3R3","WestFork_3R3r3","St_3","Re_3","Ru_3"
"Samp0566","WestFork","WestFork_3","WestFork_3R3","WestFork_3R3r3","St_3","Re_3","Ru_3"
"Samp0567","WestFork","WestFork_3","WestFork_3R3","WestFork_3R3r3","St_3","Re_3","Ru_3"
